COMP_TYPE,COMP_LOC,YEAR,RACE_DATE,RACE_TEMP,RACE_HUMID,M_W,EVENT,STAGE,RACE_NB,ATHLETE_NAME,ATHLETE_COUNTRY,ATHLETE_AGE,100M,200M,300M,400M,500M,600M,700M,800M,900M,1000M,1100M,1200M,1300M,1400M,1500M,1600M,1700M,1800M,1900M,2000M,2100M,2200M,2300M,2400M,2500M,2600M,2700M,2800M,2900M,3000M
outdoor,Budapest (HUN),2023,19 August 2023,21,94,men,3000-metres-steeplechase,heats,1.0,Getnet WALE,ETH,23.0,16.19,33.59,50.74,1:07.96,1:25.20,1:42.82,2:00.42,2:17.94,2:35.47,2:53.00,3:10.75,3:29.15,3:46.67,4:04.35,4:21.28,4:37.50,4:54.11,5:10.65,5:26.93,5:43.41,6:00.22,6:16.10,6:32.70,6:48.77,7:05.00,7:20.13,7:35.06,7:49.65,8:05.30,8:19.99
outdoor,Budapest (HUN),2023,19 August 2023,21,94,men,3000-metres-steeplechase,heats,1.0,Jean-Simon DESGAGNÉS,CAN,25.0,16.61,34.14,51.68,1:09.05,1:26.11,1:43.79,2:01.07,2:18.74,2:36.30,2:53.65,3:11.46,3:29.26,3:46.95,4:04.38,4:21.69,4:37.94,4:54.75,5:10.92,5:27.56,5:43.62,6:00.24,6:16.42,6:33.36,6:49.36,7:05.49,7:21.12,7:36.00,7:50.64,8:05.93,8:20.04
outdoor,Budapest (HUN),2023,19 August 2023,21,94,men,3000-metres-steeplechase,heats,1.0,Simon Kiprop KOECH,KEN,20.0,16.82,34.43,51.25,1:08.55,1:25.65,1:43.27,2:00.86,2:18.38,2:35.61,2:53.37,3:11.04,3:29.35,3:47.23,4:04.87,4:20.03,4:37.62,4:54.27,5:10.55,5:26.87,5:43.12,5:59.57,6:16.06,6:32.88,6:48.72,7:05.29,7:20.19,7:35.27,7:50.33,8:05.38,8:20.29
outdoor,Budapest (HUN),2023,19 August 2023,21,94,men,3000-metres-steeplechase,heats,1.0,Daniel ARCE,ESP,31.0,17.14,34.60,52.00,1:09.51,1:26.51,1:43.69,2:01.78,2:18.96,2:36.45,2:53.62,3:11.39,3:29.64,3:47.33,4:07.32,4:22.10,4:38.73,4:55.07,5:11.26,5:28.19,5:44.13,6:00.46,6:16.60,6:33.25,6:48.98,7:05.18,7:20.35,7:35.58,7:50.27,8:05.82,8:20.46
outdoor,Budapest (HUN),2023,19 August 2023,21,94,men,3000-metres-steeplechase,heats,1.0,Ryoma AOKI,JPN,26.0,16.77,33.97,51.42,1:08.85,1:25.94,1:43.21,2:01.18,2:18.92,2:36.47,2:53.79,3:11.71,3:29.95,3:47.41,4:05.37,4:21.96,4:38.46,4:55.21,5:11.97,5:28.00,5:44.06,6:00.22,6:16.51,6:32.98,6:49.03,7:05.39,7:20.97,7:36.34,7:51.27,8:06.66,8:20.54
outdoor,Budapest (HUN),2023,19 August 2023,21,94,men,3000-metres-steeplechase,heats,1.0,Mohamed TINDOUFT,MAR,30.0,17.37,34.89,51.89,1:09.27,1:26.47,1:43.34,2:01.41,2:19.12,2:36.17,2:53.43,3:11.44,3:29.76,3:47.64,4:07.47,4:22.20,4:38.83,4:55.45,5:11.22,5:27.75,5:43.96,6:00.69,6:16.52,6:33.08,6:49.39,7:06.08,7:20.45,7:35.15,7:50.03,8:06.07,8:20.67
outdoor,Budapest (HUN),2023,19 August 2023,21,94,men,3000-metres-steeplechase,heats,1.0,Avinash Mukund SABLE,IND,29.0,16.65,33.81,50.94,1:08.08,1:25.30,1:43.01,2:00.53,2:18.14,2:35.66,2:53.38,3:11.26,3:29.60,3:47.46,4:05.29,4:21.60,4:38.14,4:54.36,5:10.78,5:27.22,5:43.44,6:00.53,6:16.13,6:32.43,6:49.00,7:05.28,7:20.78,7:35.68,7:50.31,8:06.41,8:22.24
outdoor,Budapest (HUN),2023,19 August 2023,21,94,men,3000-metres-steeplechase,heats,1.0,Benard KETER,USA,31.0,17.76,35.25,52.59,1:10.10,1:26.87,1:43.85,2:01.29,2:18.71,2:36.03,2:53.95,3:11.73,3:29.51,3:46.78,4:04.54,4:21.43,4:37.83,4:54.29,5:11.44,5:27.30,5:43.48,5:59.95,6:16.29,6:33.04,6:49.06,7:05.23,7:20.56,7:35.94,7:51.28,8:07.65,8:24.20
outdoor,Budapest (HUN),2023,19 August 2023,21,94,men,3000-metres-steeplechase,heats,1.0,Vidar JOHANSSON,SWE,27.0,16.56,33.91,51.11,1:08.45,1:25.63,1:43.01,2:00.77,2:18.50,2:35.92,2:53.28,3:11.06,3:29.45,3:47.06,4:05.26,4:21.55,4:38.34,4:54.99,5:11.06,5:27.94,5:44.31,6:00.81,6:17.12,6:33.70,6:50.03,7:06.66,7:22.68,7:38.54,7:54.48,8:11.02,8:27.21
outdoor,Budapest (HUN),2023,19 August 2023,21,94,men,3000-metres-steeplechase,heats,1.0,Ahmed JAZIRI,TUN,26.0,17.02,34.36,51.58,1:09.00,1:26.33,1:43.52,2:01.56,2:19.22,2:36.67,2:53.86,3:11.83,3:30.01,3:47.69,4:05.57,4:22.25,4:38.41,4:55.06,5:11.26,5:28.12,5:43.66,5:59.93,6:16.36,6:33.26,6:49.36,7:05.69,7:21.10,7:36.49,7:51.60,8:09.29,8:29.81
outdoor,Budapest (HUN),2023,19 August 2023,21,94,men,3000-metres-steeplechase,heats,1.0,Topi RAITANEN,FIN,28.0,17.25,34.71,52.29,1:09.96,1:26.89,1:44.38,2:02.13,2:19.65,2:37.29,2:54.60,3:12.15,3:30.37,3:48.19,4:05.80,4:22.90,4:39.34,4:56.02,5:12.09,5:28.80,5:45.00,6:01.73,6:18.08,6:34.68,6:51.28,7:08.36,7:24.45,7:40.69,7:56.65,8:13.93,8:30.69
outdoor,Budapest (HUN),2023,19 August 2023,21,94,men,3000-metres-steeplechase,heats,1.0,Matthew CLARKE,AUS,28.0,16.28,33.67,50.88,1:08.19,1:25.40,1:42.91,2:00.67,2:18.19,2:35.56,2:53.24,3:10.82,3:29.17,3:47.14,4:04.69,4:21.49,4:38.12,4:54.89,5:11.12,5:27.61,5:44.21,6:01.40,6:17.60,6:34.53,6:51.92,7:09.62,7:26.88,7:44.46,8:02.75,8:22.51,8:40.92
outdoor,Budapest (HUN),2023,19 August 2023,22,88,men,3000-metres-steeplechase,heats,2.0,Kenneth ROOKS,USA,24.0,17.10,35.02,52.53,1:10.02,1:27.48,1:45.52,2:03.53,2:20.69,2:38.04,2:55.39,3:13.11,3:30.43,3:47.02,4:03.86,4:21.16,4:38.01,4:55.49,5:12.07,5:28.97,5:45.83,6:01.87,6:18.11,6:34.85,6:51.23,7:07.75,7:23.03,7:38.07,7:53.30,8:09.00,8:23.66
outdoor,Budapest (HUN),2023,19 August 2023,22,88,men,3000-metres-steeplechase,heats,2.0,Soufiane EL BAKKALI,MAR,28.0,17.91,35.83,53.45,1:10.76,1:28.39,1:46.48,2:04.05,2:21.24,2:38.19,2:55.75,3:12.71,3:29.92,3:46.49,4:03.55,4:20.53,4:37.24,4:54.43,5:11.34,5:28.48,5:45.11,6:01.49,6:18.00,6:34.31,6:50.58,7:07.08,7:22.54,7:37.84,7:53.20,8:08.89,8:23.66
outdoor,Budapest (HUN),2023,19 August 2023,22,88,men,3000-metres-steeplechase,heats,2.0,Mohamed Amin JHINAOUI,TUN,26.0,17.29,36.20,52.99,1:10.35,1:28.08,1:46.08,2:03.93,2:20.98,2:38.59,2:55.77,3:12.98,3:30.18,3:46.72,4:04.94,4:20.94,4:37.53,4:54.72,5:12.98,5:28.41,5:45.29,6:01.70,6:19.84,6:34.63,6:51.13,7:07.74,7:23.00,7:38.29,7:53.80,8:09.75,8:24.20
outdoor,Budapest (HUN),2023,19 August 2023,22,88,men,3000-metres-steeplechase,heats,2.0,Abraham KIBIWOT,KEN,27.0,16.87,34.65,52.06,1:09.18,1:27.08,1:45.18,2:02.60,2:19.58,2:37.11,2:54.80,3:12.25,3:29.39,3:46.07,4:03.44,4:20.24,4:37.21,4:54.50,5:11.36,5:28.35,5:45.07,6:01.29,6:17.90,6:34.29,6:50.57,7:07.14,7:22.76,7:38.01,7:53.28,8:09.26,8:24.31
outdoor,Budapest (HUN),2023,19 August 2023,22,88,men,3000-metres-steeplechase,heats,2.0,Leonard CHEMUTAI,UGA,20.0,17.64,36.09,52.85,1:10.28,1:27.82,1:45.96,2:03.79,2:20.90,2:38.27,2:55.58,3:13.15,3:30.03,3:46.75,4:03.65,4:20.83,4:37.60,4:54.92,5:13.92,5:28.72,5:45.35,6:01.74,6:18.41,6:34.58,6:50.95,7:07.61,7:23.01,7:38.69,7:53.65,8:09.49,8:24.74
outdoor,Budapest (HUN),2023,19 August 2023,22,88,men,3000-metres-steeplechase,heats,2.0,Nahuel CARABAÑA,AND,24.0,17.69,35.43,53.17,1:10.18,1:27.93,1:45.96,2:03.48,2:20.54,2:37.93,2:55.71,3:12.52,3:29.73,3:46.38,4:04.08,4:20.84,4:37.94,4:55.27,5:13.22,5:28.86,5:45.93,6:02.37,6:18.26,6:34.84,6:51.50,7:08.02,7:23.48,7:38.91,7:54.90,8:10.57,8:27.05
outdoor,Budapest (HUN),2023,19 August 2023,22,88,men,3000-metres-steeplechase,heats,2.0,István PALKOVITS,HUN,23.0,17.81,35.67,53.27,1:10.63,1:28.44,1:46.59,2:04.37,2:21.66,2:38.95,2:58.55,3:13.47,3:29.81,3:46.31,4:03.35,4:20.61,4:37.75,4:55.11,5:13.53,5:29.37,5:44.81,6:01.52,6:18.04,6:34.35,6:51.00,7:07.87,7:24.25,7:40.34,7:56.40,8:13.50,8:29.37
outdoor,Budapest (HUN),2023,19 August 2023,22,88,men,3000-metres-steeplechase,heats,2.0,Abrham SIME,ETH,22.0,17.47,35.09,52.51,1:09.37,1:27.71,1:45.52,2:03.08,2:19.79,2:37.77,2:55.07,3:12.18,3:28.98,3:45.88,4:03.37,4:20.26,4:37.42,4:55.05,5:11.61,5:28.64,5:45.73,6:02.78,6:18.43,6:34.69,6:50.89,7:08.00,7:23.67,7:39.26,7:54.46,8:10.05,8:31.49
outdoor,Budapest (HUN),2023,19 August 2023,22,88,men,3000-metres-steeplechase,heats,2.0,Osama ZOGHLAMI,ITA,29.0,17.54,35.30,52.93,1:09.94,1:27.67,1:45.74,2:03.68,2:20.62,2:38.42,2:55.77,3:13.53,3:30.35,3:47.28,4:03.98,4:21.14,4:37.87,4:55.30,5:11.82,5:29.01,5:45.62,6:02.09,6:18.25,6:35.23,6:51.18,7:08.22,7:24.12,7:40.08,7:56.90,8:15.25,8:33.07
outdoor,Budapest (HUN),2023,19 August 2023,22,88,men,3000-metres-steeplechase,heats,2.0,Salaheddine BEN YAZIDE,MAR,20.0,18.02,35.87,53.62,1:10.85,1:28.49,1:46.22,2:04.15,2:21.34,2:38.64,2:59.80,3:13.31,3:30.72,3:47.29,4:05.22,4:21.33,4:38.02,4:55.53,5:12.18,5:29.10,5:46.17,6:02.83,6:19.12,6:35.68,6:52.16,7:09.15,7:26.48,7:44.10,8:02.16,8:20.91,8:38.14
outdoor,Budapest (HUN),2023,19 August 2023,22,88,men,3000-metres-steeplechase,heats,2.0,Seiya SUNADA,JPN,22.0,16.89,34.76,52.19,1:09.54,1:27.07,1:45.76,2:03.26,2:20.36,2:37.84,2:55.16,3:12.85,3:30.35,3:47.08,4:05.47,4:21.23,4:38.10,4:55.56,5:14.65,5:31.27,5:47.55,6:04.63,6:21.56,6:38.87,6:55.82,7:13.77,7:30.53,7:47.91,8:05.27,8:22.61,8:38.59
outdoor,Budapest (HUN),2023,19 August 2023,22,88,men,3000-metres-steeplechase,heats,2.0,Emil BLOMBERG,SWE,31.0,17.15,34.87,52.42,1:09.90,1:27.11,1:46.55,2:02.88,2:19.84,2:37.39,2:56.58,3:12.56,3:30.06,3:46.11,4:04.99,4:20.58,4:37.49,4:54.69,5:11.99,5:28.80,5:45.55,6:02.62,6:20.58,6:36.22,6:53.70,7:11.32,7:29.68,7:47.73,8:05.83,8:24.37,8:42.33
outdoor,Budapest (HUN),2023,22 August 2023,28,55,men,3000-metres-steeplechase,final,1.0,Soufiane EL BAKKALI,MAR,28.0,17.72,34.88,52.31,1:09.43,1:26.65,1:44.18,2:01.38,2:17.80,2:35.11,2:51.67,3:08.03,3:23.88,3:40.00,3:56.42,4:12.99,4:28.92,4:45.61,5:02.27,5:18.69,5:34.63,5:50.38,6:05.39,6:20.41,6:35.36,6:50.48,7:05.28,7:19.57,7:33.69,7:48.56,8:03.53
outdoor,Budapest (HUN),2023,22 August 2023,28,55,men,3000-metres-steeplechase,final,1.0,Lamecha GIRMA,ETH,23.0,17.43,37.67,52.08,1:09.23,1:26.24,1:43.86,2:01.06,2:17.58,2:34.86,2:51.45,3:07.78,3:23.61,3:39.76,3:56.34,4:12.65,4:28.83,4:45.52,5:02.07,5:18.33,5:34.29,5:49.99,6:05.17,6:20.12,6:35.04,6:50.14,7:04.82,7:19.15,7:33.67,7:49.51,8:05.44
outdoor,Budapest (HUN),2023,22 August 2023,28,55,men,3000-metres-steeplechase,final,1.0,Abraham KIBIWOT,KEN,27.0,16.50,36.13,51.36,1:08.51,1:25.82,1:43.25,2:00.51,2:17.36,2:34.59,2:51.51,3:08.22,3:24.04,3:40.18,3:56.58,4:12.66,4:28.91,4:45.52,5:02.13,5:18.38,5:34.42,5:50.74,6:05.64,6:20.72,6:35.77,6:51.25,7:06.74,7:24.65,7:40.53,7:56.85,8:11.98
outdoor,Budapest (HUN),2023,22 August 2023,28,55,men,3000-metres-steeplechase,final,1.0,Leonard Kipkemoi BETT,KEN,23.0,17.22,34.07,50.74,1:07.84,1:25.02,1:42.06,1:59.16,2:16.00,2:33.24,2:50.41,3:06.78,3:22.70,3:39.79,3:56.19,4:12.43,4:28.60,4:45.57,5:01.99,5:18.27,5:34.30,5:51.03,6:06.11,6:21.25,6:36.79,6:53.02,7:09.04,7:24.85,7:40.10,7:56.97,8:12.26
outdoor,Budapest (HUN),2023,22 August 2023,28,55,men,3000-metres-steeplechase,final,1.0,George BEAMISH,NZL,27.0,16.79,34.26,51.51,1:08.57,1:25.88,1:43.37,2:00.79,2:17.67,2:34.71,2:56.17,3:08.63,3:24.88,3:41.38,3:58.22,4:14.20,4:30.62,4:47.53,5:06.41,5:20.20,5:36.49,5:52.96,6:08.98,6:24.88,6:40.48,6:57.02,7:12.82,7:28.89,7:44.62,8:00.20,8:13.46
outdoor,Budapest (HUN),2023,22 August 2023,28,55,men,3000-metres-steeplechase,final,1.0,Ryuji MIURA,JPN,21.0,17.62,35.37,52.26,1:09.50,1:26.91,1:44.46,2:01.62,2:18.10,2:35.43,2:51.82,3:08.90,3:25.10,3:41.32,3:57.36,4:13.88,4:29.91,4:46.27,5:02.66,5:19.34,5:35.27,5:51.65,6:07.65,6:22.96,6:38.66,6:54.86,7:10.95,7:26.70,7:42.21,7:58.27,8:13.70
outdoor,Budapest (HUN),2023,22 August 2023,28,55,men,3000-metres-steeplechase,final,1.0,Simon Kiprop KOECH,KEN,20.0,16.98,34.44,51.50,1:08.40,1:25.80,1:42.95,2:00.16,2:16.96,2:34.27,2:51.45,3:08.15,3:24.14,3:40.47,3:56.72,4:13.17,4:29.10,4:45.73,5:02.36,5:18.54,5:34.50,5:50.54,6:06.25,6:21.92,6:37.87,6:54.25,7:10.36,7:26.37,7:42.65,7:58.91,8:14.37
outdoor,Budapest (HUN),2023,22 August 2023,28,55,men,3000-metres-steeplechase,final,1.0,Jean-Simon DESGAGNÉS,CAN,25.0,16.52,33.66,50.57,1:07.82,1:25.11,1:47.02,1:59.74,2:16.78,2:33.96,2:51.41,3:07.79,3:24.15,3:40.63,3:57.03,4:13.46,4:29.53,4:46.40,5:04.02,5:19.57,5:35.44,5:52.12,6:10.87,6:24.55,6:40.62,6:57.30,7:13.48,7:29.53,7:45.32,8:01.20,8:15.58
outdoor,Budapest (HUN),2023,22 August 2023,28,55,men,3000-metres-steeplechase,final,1.0,Daniel ARCE,ESP,31.0,17.62,36.18,52.64,1:10.23,1:27.13,1:44.70,2:01.97,2:18.65,2:35.82,2:52.58,3:09.54,3:25.77,3:42.19,3:58.68,4:15.18,4:31.48,4:48.11,5:04.56,5:21.04,5:37.16,5:53.98,6:10.01,6:26.01,6:42.30,6:58.51,7:14.96,7:30.83,7:46.59,8:02.80,8:18.31
outdoor,Budapest (HUN),2023,22 August 2023,28,55,men,3000-metres-steeplechase,final,1.0,Getnet WALE,ETH,23.0,16.73,34.08,51.33,1:08.33,1:25.88,1:43.50,2:00.66,2:17.19,2:34.76,2:51.49,3:08.59,3:24.26,3:40.34,3:56.72,4:13.34,4:29.37,4:46.02,5:07.10,5:18.95,5:35.12,5:51.78,6:07.28,6:22.85,6:39.19,6:56.41,7:12.74,7:29.32,7:46.56,8:04.51,8:21.03
outdoor,Budapest (HUN),2023,22 August 2023,28,55,men,3000-metres-steeplechase,final,1.0,Ryoma AOKI,JPN,26.0,17.01,34.38,51.79,1:09.07,1:26.28,1:44.12,2:01.42,2:18.08,2:35.08,2:52.41,3:08.92,3:25.20,3:41.68,3:58.11,4:14.75,4:30.81,4:46.96,5:03.69,5:20.28,5:36.78,5:53.60,6:10.65,6:27.68,6:45.00,7:02.09,7:18.67,7:35.38,7:52.63,8:09.18,8:24.77
outdoor,Budapest (HUN),2023,22 August 2023,28,55,men,3000-metres-steeplechase,final,1.0,Simon SUNDSTRÖM,SWE,26.0,16.19,33.37,50.23,1:07.44,1:24.89,1:42.53,1:59.36,2:16.49,2:33.76,2:50.74,3:07.40,3:24.08,3:40.98,3:57.65,4:13.93,4:30.84,4:48.04,5:04.84,5:21.47,5:37.87,5:54.78,6:11.48,6:28.08,6:45.14,7:02.60,7:19.49,7:36.40,7:53.77,8:11.04,8:27.68
outdoor,Budapest (HUN),2023,22 August 2023,28,55,men,3000-metres-steeplechase,final,1.0,Isaac UPDIKE,USA,31.0,17.31,34.87,52.03,1:09.14,1:26.58,1:44.19,2:01.61,2:18.23,2:35.37,2:52.79,3:09.19,3:25.51,3:41.82,3:58.51,4:15.03,4:31.42,4:48.43,5:04.97,5:21.78,5:38.18,5:55.35,6:12.09,6:29.14,6:46.23,7:04.05,7:21.26,7:38.37,7:55.95,8:13.81,8:30.67
outdoor,Budapest (HUN),2023,23 August 2023,29,57,women,3000-metres-steeplechase,heats,1.0,Winfred Mutile YAVI,BRN,24.0,17.57,35.91,54.54,1:13.76,1:33.90,1:53.07,2:12.26,2:32.03,2:51.60,3:10.81,3:30.05,3:48.59,4:07.38,4:26.19,4:44.79,5:03.30,5:21.81,5:40.67,5:59.32,6:17.84,6:36.68,6:55.41,7:14.14,7:33.04,7:51.64,8:09.73,8:27.95,8:45.76,9:03.73,9:19.18
outdoor,Budapest (HUN),2023,23 August 2023,29,57,women,3000-metres-steeplechase,heats,1.0,Beatrice CHEPKOECH,KEN,32.0,17.19,35.61,54.37,1:13.48,1:33.27,1:53.03,2:12.40,2:32.13,2:51.55,3:10.81,3:30.06,3:48.53,4:07.26,4:26.14,4:44.79,5:02.99,5:21.67,5:40.43,5:59.09,6:17.61,6:36.55,6:55.33,7:14.07,7:32.72,7:51.41,8:09.75,8:28.03,8:45.75,9:03.58,9:19.22
outdoor,Budapest (HUN),2023,23 August 2023,29,57,women,3000-metres-steeplechase,heats,1.0,Lomi MULETA,ETH,22.0,17.67,35.94,54.72,1:13.97,1:33.69,1:52.96,2:12.67,2:32.31,2:51.85,3:10.87,3:30.25,3:48.88,4:07.62,4:26.29,4:44.95,5:03.34,5:21.81,5:40.57,5:59.30,6:17.94,6:36.78,6:55.46,7:14.48,7:33.29,7:51.92,8:09.85,8:28.16,8:46.13,9:03.98,9:20.13
outdoor,Budapest (HUN),2023,23 August 2023,29,57,women,3000-metres-steeplechase,heats,1.0,Courtney WAYMENT,USA,25.0,17.84,36.53,55.17,1:14.44,1:33.68,1:53.54,2:12.93,2:32.66,2:51.82,3:11.11,3:30.50,3:49.03,4:05.62,4:26.61,4:45.09,5:03.61,5:22.10,5:40.82,5:59.35,6:18.09,6:36.87,6:55.58,7:14.47,7:33.36,7:51.90,8:09.98,8:28.11,8:46.03,9:03.90,9:20.60
outdoor,Budapest (HUN),2023,23 August 2023,29,57,women,3000-metres-steeplechase,heats,1.0,Marwa BOUZAYANI,TUN,26.0,17.44,35.91,54.94,1:13.98,1:33.72,1:53.28,2:12.81,2:32.37,2:52.08,3:11.15,3:30.48,3:48.99,4:08.01,4:26.63,4:45.28,5:03.87,5:19.40,5:41.04,5:59.75,6:18.44,6:37.32,6:56.17,7:15.02,7:33.85,7:52.47,8:10.75,8:29.05,8:47.41,9:05.89,9:23.07
outdoor,Budapest (HUN),2023,23 August 2023,29,57,women,3000-metres-steeplechase,heats,1.0,Alicja KONIECZEK,POL,29.0,17.71,36.10,54.84,1:14.35,1:33.84,1:53.06,2:13.36,2:32.91,2:52.26,3:11.62,3:31.01,3:49.84,4:08.33,4:26.92,4:45.56,5:03.96,5:22.66,5:41.06,5:59.84,6:18.53,6:37.70,6:56.71,7:15.74,7:35.00,7:54.11,8:12.59,8:30.54,8:48.85,9:06.89,9:23.45
outdoor,Budapest (HUN),2023,23 August 2023,29,57,women,3000-metres-steeplechase,heats,1.0,Aimee PRATT,GBR,26.0,18.33,36.64,55.05,1:14.22,1:33.65,1:53.62,2:13.27,2:32.84,2:50.31,3:11.40,3:30.67,3:49.27,4:08.41,4:26.87,4:45.58,5:04.41,5:23.02,5:41.63,6:00.37,6:19.23,6:38.34,6:57.51,7:15.69,7:34.37,7:52.97,8:11.49,8:29.79,8:48.45,9:07.15,9:26.37
outdoor,Budapest (HUN),2023,23 August 2023,29,57,women,3000-metres-steeplechase,heats,1.0,Regan YEE,CAN,28.0,18.05,36.60,55.36,1:14.65,1:33.12,1:54.02,2:13.58,2:33.00,2:52.97,3:11.83,3:31.27,3:49.99,4:08.15,4:27.66,4:46.33,5:05.31,5:24.37,5:42.87,6:01.77,6:20.62,6:39.70,6:58.67,7:17.72,7:36.65,7:56.10,8:15.27,8:33.64,8:51.87,9:10.23,9:26.39
outdoor,Budapest (HUN),2023,23 August 2023,29,57,women,3000-metres-steeplechase,heats,1.0,Marta SERRANO,ESP,20.0,18.03,36.80,55.53,1:14.92,1:34.34,1:53.72,2:13.47,2:33.14,2:52.50,3:11.52,3:30.92,3:49.63,4:08.56,4:27.34,4:45.92,5:04.76,5:23.35,5:42.28,6:01.08,6:20.14,6:39.58,6:58.78,7:18.08,7:37.05,7:56.49,8:15.78,8:34.92,8:54.13,9:13.61,9:31.82
outdoor,Budapest (HUN),2023,23 August 2023,29,57,women,3000-metres-steeplechase,heats,1.0,Tu GÜVENÇ,TUR,29.0,18.19,36.59,55.28,1:14.53,1:33.92,1:53.51,2:13.10,2:32.59,2:51.97,3:11.54,3:30.72,3:49.52,4:08.08,4:26.97,4:45.64,5:04.82,5:24.19,5:43.95,6:05.17,6:25.78,6:46.35,7:07.90,7:29.15,7:50.01,8:10.75,8:31.77,8:52.47,9:13.00,9:32.97,9:50.96
outdoor,Budapest (HUN),2023,23 August 2023,29,57,women,3000-metres-steeplechase,heats,1.0,Brielle ERBACHER,AUS,24.0,18.28,36.96,55.62,1:14.84,1:34.35,1:53.76,2:13.55,2:33.13,2:52.75,3:11.79,3:31.20,3:50.14,4:09.05,4:27.94,4:46.78,5:06.32,5:25.96,5:46.12,6:06.34,6:27.14,6:47.79,7:08.59,7:29.45,7:50.56,8:11.81,8:32.94,8:53.62,9:14.94,9:36.70,9:57.11
outdoor,Budapest (HUN),2023,23 August 2023,29,57,women,3000-metres-steeplechase,heats,1.0,Nataliya STREBKOVA,UKR,28.0,18.64,37.40,56.06,1:15.23,1:35.15,1:54.79,2:14.25,2:33.87,2:53.86,3:13.32,3:33.10,3:52.89,4:13.05,4:33.19,4:53.87,5:14.05,5:34.72,5:55.35,6:16.27,6:36.89,6:57.86,7:18.39,7:38.97,7:59.88,8:20.81,8:41.61,9:01.79,9:22.59,9:43.35,10:02.20
outdoor,Budapest (HUN),2023,23 August 2023,29,57,women,3000-metres-steeplechase,heats,2.0,Faith CHEROTICH,KEN,19.0,17.06,36.34,55.15,1:13.36,1:32.35,1:51.59,2:11.31,2:30.89,2:50.08,3:09.39,3:27.93,3:46.59,4:05.60,4:23.62,4:42.06,5:00.24,5:18.94,5:37.67,5:56.60,6:15.53,6:34.50,6:52.85,7:11.37,7:30.16,7:49.15,8:08.29,8:26.95,8:45.20,9:03.27,9:19.55
outdoor,Budapest (HUN),2023,23 August 2023,29,57,women,3000-metres-steeplechase,heats,2.0,Sembo ALMAYEW,ETH,19.0,17.19,36.19,54.95,1:13.16,1:29.01,1:51.46,2:11.09,2:30.71,2:47.76,3:09.18,3:27.83,3:46.46,4:03.01,4:23.51,4:41.77,5:00.17,5:18.97,5:37.71,5:56.58,6:15.80,6:35.04,6:53.10,7:11.70,7:30.48,7:49.17,8:08.20,8:27.26,8:45.64,9:03.43,9:19.60
outdoor,Budapest (HUN),2023,23 August 2023,29,57,women,3000-metres-steeplechase,heats,2.0,Maruša MIŠMAŠ ZRIMŠEK,SLO,29.0,17.24,36.36,55.43,1:13.52,1:32.42,1:51.63,2:11.52,2:31.16,2:48.74,3:09.50,3:28.31,3:47.07,4:06.16,4:24.60,4:43.46,5:02.52,5:18.53,5:40.15,5:58.60,6:17.10,6:35.73,6:54.24,7:12.65,7:31.07,7:46.88,8:08.43,8:27.34,8:45.90,9:04.07,9:21.79
outdoor,Budapest (HUN),2023,23 August 2023,29,57,women,3000-metres-steeplechase,heats,2.0,Parul CHAUDHARY,IND,28.0,17.84,37.13,56.01,1:14.43,1:33.36,1:51.84,2:11.66,2:31.36,2:50.74,3:09.65,3:28.43,3:47.25,4:06.33,4:24.99,4:43.59,5:02.72,5:21.92,5:40.61,5:58.75,6:17.63,6:36.63,6:55.26,7:13.97,7:32.83,7:51.90,8:10.95,8:29.81,8:48.44,9:06.88,9:24.29
outdoor,Budapest (HUN),2023,23 August 2023,29,57,women,3000-metres-steeplechase,heats,2.0,Ceili MCCABE,CAN,22.0,17.98,37.15,55.74,1:14.20,1:32.45,1:52.33,2:12.11,2:32.08,2:51.52,3:10.46,3:29.09,3:48.06,4:07.35,4:26.13,4:44.94,5:03.68,5:22.85,5:41.96,6:01.16,6:20.50,6:39.75,6:58.96,7:18.52,7:38.21,7:58.18,8:17.02,8:35.78,8:54.35,9:13.02,9:29.30
outdoor,Budapest (HUN),2023,23 August 2023,29,57,women,3000-metres-steeplechase,heats,2.0,Cara FEAIN-RYAN,AUS,25.0,17.72,36.96,56.04,1:14.48,1:33.03,1:52.42,2:12.25,2:32.12,2:51.79,3:10.70,3:29.18,3:48.13,4:07.08,4:25.81,4:44.39,5:03.41,5:19.30,5:41.36,6:00.06,6:18.74,6:37.69,6:56.80,7:16.24,7:35.74,7:55.08,8:14.18,8:32.99,8:51.26,9:11.65,9:29.60
outdoor,Budapest (HUN),2023,23 August 2023,29,57,women,3000-metres-steeplechase,heats,2.0,Carolina ROBLES,ESP,32.0,17.81,36.22,54.84,1:13.10,1:32.06,1:51.46,2:11.33,2:30.85,2:50.32,3:09.17,3:28.09,3:46.80,4:04.66,4:24.55,4:43.40,5:02.40,5:21.45,5:40.14,5:59.05,6:17.99,6:34.53,6:56.37,7:15.95,7:35.57,7:55.54,8:15.29,8:35.14,8:55.11,9:15.45,9:34.41
outdoor,Budapest (HUN),2023,23 August 2023,29,57,women,3000-metres-steeplechase,heats,2.0,Flavie RENOUARD,FRA,23.0,17.56,36.68,55.80,1:14.41,1:33.53,1:52.27,2:11.92,2:31.78,2:51.48,3:10.37,3:28.75,3:47.79,4:07.05,4:25.98,4:44.91,5:03.79,5:23.22,5:42.30,6:01.61,6:21.32,6:41.01,7:00.15,7:19.16,7:39.31,7:58.01,8:19.86,8:40.61,9:02.14,9:22.26,9:39.91
outdoor,Budapest (HUN),2023,23 August 2023,29,57,women,3000-metres-steeplechase,heats,2.0,Emma COBURN,USA,33.0,17.48,36.54,55.57,1:13.74,1:32.63,1:51.76,2:11.46,2:31.09,2:50.55,3:09.55,3:28.14,3:46.89,4:05.99,4:24.46,4:43.29,5:02.40,5:17.54,5:40.39,5:58.48,6:17.46,6:36.76,6:56.24,7:15.90,7:36.24,7:57.04,8:18.13,8:39.32,9:00.85,9:22.14,9:41.52
outdoor,Budapest (HUN),2023,23 August 2023,29,57,women,3000-metres-steeplechase,heats,2.0,Aneta KONIECZEK,POL,26.0,17.48,36.66,55.84,1:14.08,1:32.87,1:51.92,2:11.89,2:31.66,2:51.20,3:09.88,3:28.64,3:47.50,4:06.55,4:25.30,4:44.05,5:03.11,5:18.85,5:41.61,6:00.76,6:20.46,6:40.56,6:59.89,7:21.53,7:42.57,8:03.52,8:24.94,8:46.22,9:08.03,9:28.46,9:45.61
outdoor,Budapest (HUN),2023,23 August 2023,29,57,women,3000-metres-steeplechase,heats,2.0,Daisy JEPKEMEI,KAZ,28.0,17.07,36.40,55.47,1:14.02,1:32.16,1:52.54,2:12.11,2:31.53,2:51.57,3:10.73,3:29.33,3:48.50,4:08.27,4:27.29,4:46.70,5:06.26,5:26.36,5:45.80,6:05.42,6:26.01,6:46.73,7:06.57,7:26.74,7:47.26,8:08.63,8:27.95,8:48.02,9:08.12,9:28.11,9:46.23
outdoor,Budapest (HUN),2023,23 August 2023,29,56,women,3000-metres-steeplechase,heats,3.0,Jackline CHEPKOECH,KEN,20.0,16.28,37.82,54.73,1:13.36,1:31.70,1:50.41,2:08.69,2:26.93,2:45.59,3:04.28,3:22.12,3:40.84,3:59.98,4:18.66,4:37.08,4:56.12,5:13.81,5:33.22,5:52.43,6:11.43,6:30.22,6:49.86,7:08.98,7:27.12,7:44.98,8:02.69,8:20.85,8:39.59,8:57.95,9:16.41
outdoor,Budapest (HUN),2023,23 August 2023,29,56,women,3000-metres-steeplechase,heats,3.0,Zerfe WONDEMAGEGN,ETH,21.0,18.05,36.58,54.48,1:13.08,1:31.17,1:50.57,2:09.00,2:27.26,2:44.96,3:04.54,3:22.70,3:41.26,4:00.08,4:19.34,4:37.65,4:56.67,5:15.35,5:33.90,5:52.64,6:11.85,6:30.65,6:50.26,7:09.21,7:27.67,7:45.76,8:03.76,8:21.81,8:40.08,8:58.65,9:16.97
outdoor,Budapest (HUN),2023,23 August 2023,29,56,women,3000-metres-steeplechase,heats,3.0,Luiza GEGA,ALB,35.0,17.70,35.93,53.89,1:12.37,1:31.10,1:49.68,2:08.13,2:26.23,2:43.42,3:03.38,3:21.90,3:40.53,3:59.64,4:18.43,4:36.89,4:55.81,5:11.53,5:33.15,5:52.18,6:11.21,6:30.40,6:49.80,7:08.82,7:28.02,7:46.70,8:05.24,8:23.49,8:41.84,9:00.36,9:17.71
outdoor,Budapest (HUN),2023,23 August 2023,29,56,women,3000-metres-steeplechase,heats,3.0,Olivia GÜRTH,GER,21.0,18.14,36.81,54.90,1:13.53,1:32.06,1:50.77,2:09.41,2:28.05,2:45.31,3:05.64,3:24.64,3:43.46,4:02.71,4:22.06,4:41.17,5:00.30,5:19.46,5:38.79,5:58.62,6:18.06,6:37.19,6:56.39,7:15.75,7:34.99,7:54.26,8:12.85,8:30.99,8:49.25,9:07.63,9:24.28
outdoor,Budapest (HUN),2023,23 August 2023,29,56,women,3000-metres-steeplechase,heats,3.0,Greta KARINAUSKAIT Ė,LTU,23.0,15.63,36.66,54.63,1:13.12,1:32.15,1:50.59,2:09.23,2:27.97,2:44.56,3:05.62,3:24.52,3:43.42,4:03.01,4:22.09,4:41.22,5:00.73,5:16.50,5:39.87,5:59.44,6:18.78,6:38.75,6:58.19,7:17.46,7:37.11,7:56.72,8:15.96,8:34.53,8:53.15,9:12.35,9:30.28
outdoor,Budapest (HUN),2023,23 August 2023,29,56,women,3000-metres-steeplechase,heats,3.0,Amy CASHIN,AUS,29.0,18.45,37.24,55.73,1:14.16,1:31.09,1:51.55,2:10.60,2:29.12,2:49.78,3:07.48,3:26.28,3:45.48,4:04.42,4:24.25,4:43.36,5:02.76,5:22.36,5:41.72,6:01.20,6:20.50,6:40.70,7:00.41,7:19.98,7:39.25,7:58.81,8:17.62,8:36.28,8:54.69,9:13.45,9:31.07
outdoor,Budapest (HUN),2023,23 August 2023,29,56,women,3000-metres-steeplechase,heats,3.0,Irene SÁNCHEZ-ESCRIBANO,ESP,31.0,17.85,36.23,54.18,1:12.62,1:31.30,1:49.97,2:08.49,2:26.66,2:44.47,3:04.05,3:22.48,3:41.35,4:00.25,4:19.43,4:37.76,4:56.83,5:14.07,5:34.39,5:52.98,6:12.35,6:31.16,6:50.13,7:09.62,7:28.90,7:48.32,8:07.71,8:27.60,8:47.48,9:10.41,9:31.97
outdoor,Budapest (HUN),2023,23 August 2023,29,56,women,3000-metres-steeplechase,heats,3.0,Juliane HVID,DEN,25.0,18.43,37.30,55.86,1:17.03,1:32.35,1:56.04,2:15.51,2:34.93,2:53.81,3:14.96,3:34.78,3:54.62,4:14.53,4:33.93,4:54.42,5:15.02,5:32.91,5:56.01,6:16.74,6:37.36,6:59.98,7:20.05,7:41.75,8:02.50,8:21.75,8:45.50,9:07.22,9:27.90,9:49.94,10:09.41
outdoor,Budapest (HUN),2023,27 August 2023,29,49,women,3000-metres-steeplechase,final,1.0,Winfred Mutile YAVI,BRN,24.0,17.71,35.17,52.80,1:10.79,1:29.58,1:47.36,2:05.43,2:23.65,2:42.09,2:59.59,3:17.01,3:35.10,3:53.68,4:10.83,4:28.26,4:46.01,5:03.98,5:21.62,5:39.78,5:58.11,6:16.78,6:34.96,6:52.97,7:11.06,7:28.96,7:45.65,8:02.43,8:20.29,8:37.81,8:54.29
outdoor,Budapest (HUN),2023,27 August 2023,29,49,women,3000-metres-steeplechase,final,1.0,Beatrice CHEPKOECH,KEN,32.0,16.56,34.15,51.99,1:10.05,1:28.43,1:46.67,2:04.74,2:22.91,2:41.09,2:58.90,3:16.59,3:34.58,3:56.20,4:10.14,4:27.74,4:45.29,5:03.33,5:21.22,5:39.48,5:57.75,6:16.51,6:34.74,6:52.73,7:10.61,7:28.61,7:45.68,8:03.17,8:21.06,8:40.19,8:58.98
outdoor,Budapest (HUN),2023,27 August 2023,29,49,women,3000-metres-steeplechase,final,1.0,Faith CHEROTICH,KEN,19.0,16.88,34.41,52.36,1:10.48,1:28.70,1:47.05,2:05.27,2:23.25,2:41.45,2:59.24,3:16.97,3:34.81,3:55.03,4:10.62,4:28.25,4:46.14,5:04.10,5:22.02,5:40.47,5:58.57,6:17.44,6:35.98,6:54.29,7:12.81,7:31.40,7:50.09,8:08.05,8:26.26,8:44.29,9:00.69
outdoor,Budapest (HUN),2023,27 August 2023,29,49,women,3000-metres-steeplechase,final,1.0,Alice FINOT,FRA,33.0,17.55,35.74,54.02,1:11.92,1:30.46,1:48.68,2:07.21,2:25.68,2:44.06,3:02.26,3:20.63,3:38.73,3:57.45,4:16.09,4:34.74,4:53.16,5:12.03,5:30.56,5:49.01,6:07.40,6:26.28,6:44.86,7:03.19,7:21.58,7:40.18,7:58.16,8:15.65,8:32.90,8:50.30,9:06.15
outdoor,Budapest (HUN),2023,27 August 2023,29,49,women,3000-metres-steeplechase,final,1.0,Maruša MIŠMAŠ ZRIMŠEK,SLO,29.0,17.46,35.31,53.41,1:11.62,1:30.24,1:48.50,2:06.85,2:25.02,2:43.33,3:01.31,3:19.15,3:37.35,3:56.01,4:14.24,4:32.21,4:50.60,5:09.09,5:27.37,5:45.69,6:03.99,6:22.96,6:41.46,6:59.88,7:18.20,7:36.84,7:54.87,8:12.99,8:31.04,8:49.49,9:06.37
outdoor,Budapest (HUN),2023,27 August 2023,29,49,women,3000-metres-steeplechase,final,1.0,Peruth CHEMUTAI,UGA,24.0,17.10,34.56,52.52,1:10.46,1:28.89,1:47.12,2:05.24,2:23.35,2:41.72,2:59.44,3:17.09,3:35.20,3:53.37,4:11.28,4:28.77,4:48.37,5:05.03,5:23.29,5:41.55,6:00.05,6:18.84,6:37.66,6:56.69,7:15.47,7:35.14,7:54.08,8:13.19,8:32.76,8:52.21,9:10.26
outdoor,Budapest (HUN),2023,27 August 2023,29,49,women,3000-metres-steeplechase,final,1.0,Luiza GEGA,ALB,35.0,19.49,35.40,53.70,1:11.58,1:30.53,1:48.77,2:07.47,2:25.36,2:44.02,3:02.06,3:20.26,3:38.32,3:57.30,4:15.90,4:34.24,4:52.97,5:11.74,5:30.06,5:48.44,6:06.99,6:25.89,6:44.41,7:02.63,7:20.96,7:39.83,7:57.78,8:15.98,8:34.28,8:53.03,9:10.27
outdoor,Budapest (HUN),2023,27 August 2023,29,49,women,3000-metres-steeplechase,final,1.0,Marwa BOUZAYANI,TUN,26.0,18.21,35.73,53.80,1:11.97,1:30.80,1:49.16,2:07.13,2:25.45,2:43.72,3:01.73,3:20.04,3:38.54,3:57.28,4:15.70,4:34.36,4:53.34,5:12.11,5:30.52,5:49.17,6:07.51,6:26.70,6:45.06,7:03.60,7:22.46,7:41.09,7:59.58,8:18.03,8:37.03,8:56.57,9:15.07
outdoor,Budapest (HUN),2023,27 August 2023,29,49,women,3000-metres-steeplechase,final,1.0,Lomi MULETA,ETH,22.0,17.84,35.27,53.19,1:11.24,1:29.80,1:47.53,2:06.00,2:23.95,2:42.21,3:00.12,3:18.23,3:36.76,3:55.62,4:13.75,4:32.46,4:51.53,5:10.18,5:28.47,5:47.35,6:06.35,6:26.03,6:44.55,7:03.09,7:22.45,7:41.78,8:01.25,8:20.54,8:39.30,8:57.90,9:15.36
outdoor,Budapest (HUN),2023,27 August 2023,29,49,women,3000-metres-steeplechase,final,1.0,Sembo ALMAYEW,ETH,19.0,16.77,34.31,52.17,1:10.19,1:28.60,1:46.91,2:05.05,2:23.06,2:41.51,2:59.35,3:17.09,3:35.50,3:54.19,4:12.54,4:30.22,4:48.56,5:07.36,5:25.49,5:44.37,6:03.70,6:22.67,6:41.28,6:59.66,7:19.23,7:38.15,7:57.39,8:17.01,8:37.26,8:57.81,9:18.25
outdoor,Budapest (HUN),2023,27 August 2023,29,49,women,3000-metres-steeplechase,final,1.0,Olivia GÜRTH,GER,21.0,18.06,36.02,54.22,1:12.38,1:31.16,1:49.51,2:07.78,2:26.12,2:44.74,3:02.96,3:21.12,3:39.59,3:58.49,4:17.00,4:35.74,4:54.70,5:13.89,5:32.72,5:52.05,6:11.09,6:30.50,6:49.75,7:08.97,7:28.51,7:48.15,8:07.49,8:26.28,8:44.87,9:03.32,9:20.08
outdoor,Budapest (HUN),2023,27 August 2023,29,49,women,3000-metres-steeplechase,final,1.0,Courtney WAYMENT,USA,25.0,17.39,35.51,53.74,1:11.99,1:30.11,1:48.29,2:06.63,2:24.95,2:42.75,3:00.77,3:18.75,3:36.74,3:55.11,4:13.42,4:31.64,4:50.15,5:09.36,5:28.04,5:46.89,6:05.92,6:25.92,6:45.29,7:04.39,7:24.16,7:44.43,8:04.48,8:24.85,8:45.43,9:06.11,9:25.90
outdoor,Oregon (USA),2022,15 July 2022,28,35,men,3000-metres-steeplechase,heats,1.0,Soufiane EL BAKKALI,MAR,27.0,15.71,32.73,49.71,1:06.78,1:23.38,1:40.91,1:57.99,2:15.32,2:32.53,2:49.65,3:06.68,3:24.20,3:41.25,3:58.06,4:15.34,4:32.43,4:49.61,5:06.37,5:23.80,5:40.82,5:57.27,6:13.36,6:30.14,6:46.26,7:02.09,7:17.15,7:32.40,7:47.00,8:02.05,8:16.65
outdoor,Oregon (USA),2022,15 July 2022,28,35,men,3000-metres-steeplechase,heats,1.0,Leonard Kipkemoi BETT,KEN,22.0,16.02,32.83,50.43,1:07.75,1:24.55,1:41.73,1:58.68,2:16.09,2:32.79,2:49.88,3:07.16,3:24.55,3:41.96,3:58.47,4:15.75,4:32.63,4:49.82,5:06.30,5:23.44,5:40.82,5:57.05,6:13.20,6:29.96,6:46.06,7:02.11,7:17.19,7:32.82,7:47.25,8:02.72,8:16.94
outdoor,Oregon (USA),2022,15 July 2022,28,35,men,3000-metres-steeplechase,heats,1.0,Abraham KIBIWOT,KEN,26.0,16.09,33.01,50.52,1:07.84,1:24.24,1:41.33,1:58.29,2:15.51,2:32.85,2:49.76,3:06.86,3:24.21,3:41.59,3:58.25,4:15.40,4:32.00,4:49.26,5:06.26,5:23.20,5:40.43,5:56.81,6:12.99,6:29.75,6:45.81,7:02.34,7:17.49,7:32.86,7:47.14,8:02.47,8:17.04
outdoor,Oregon (USA),2022,15 July 2022,28,35,men,3000-metres-steeplechase,heats,1.0,Getnet WALE,ETH,22.0,15.69,32.25,49.38,1:06.61,1:23.03,1:40.75,1:57.63,2:15.22,2:31.99,2:49.25,3:06.29,3:23.93,3:41.08,3:57.88,4:15.02,4:32.03,4:49.45,5:06.10,5:23.06,5:40.18,5:56.58,6:12.86,6:29.64,6:45.68,7:01.70,7:16.88,7:32.38,7:46.92,8:02.36,8:17.49
outdoor,Oregon (USA),2022,15 July 2022,28,35,men,3000-metres-steeplechase,heats,1.0,Sebastián MARTOS,ESP,33.0,15.65,32.14,49.27,1:06.51,1:23.06,1:40.72,1:57.53,2:15.15,2:32.10,2:49.34,3:06.38,3:23.93,3:41.13,3:57.93,4:15.06,4:32.01,4:49.11,5:06.03,5:23.28,5:40.53,5:57.32,6:13.43,6:30.23,6:46.11,7:02.49,7:17.84,7:33.48,7:48.36,8:03.86,8:18.94
outdoor,Oregon (USA),2022,15 July 2022,28,35,men,3000-metres-steeplechase,heats,1.0,Ahmed ABDELWAHED,ITA,26.0,16.30,32.63,49.96,1:07.13,1:23.71,1:41.27,1:58.78,2:15.48,2:33.16,2:50.18,3:07.48,3:24.74,3:42.00,3:58.82,4:16.05,4:32.90,4:50.15,5:06.99,5:24.38,5:40.53,5:58.11,6:14.69,6:31.33,6:46.87,7:02.95,7:18.76,7:34.53,7:49.98,8:06.25,8:21.04
outdoor,Oregon (USA),2022,15 July 2022,28,35,men,3000-metres-steeplechase,heats,1.0,Benard KETER,USA,30.0,16.64,32.81,50.47,1:08.43,1:24.64,1:41.81,1:59.10,2:16.00,2:32.95,2:49.91,3:06.95,3:24.31,3:41.42,3:58.12,4:15.13,4:32.24,4:50.02,5:06.63,5:23.93,5:40.77,5:56.81,6:12.95,6:29.64,6:45.74,7:01.82,7:16.88,7:32.58,7:48.44,8:05.71,8:21.94
outdoor,Oregon (USA),2022,15 July 2022,28,35,men,3000-metres-steeplechase,heats,1.0,John GAY,CAN,26.0,15.71,32.42,50.15,1:07.44,1:24.05,1:41.35,1:58.51,2:15.97,2:32.97,2:49.95,3:07.13,3:24.38,3:41.57,3:58.36,4:15.44,4:32.47,4:49.67,5:06.26,5:23.60,5:40.77,5:57.54,6:13.74,6:30.64,6:46.82,7:03.27,7:19.44,7:36.09,7:53.01,8:10.48,8:27.02
outdoor,Oregon (USA),2022,15 July 2022,28,35,men,3000-metres-steeplechase,heats,1.0,Ben BUCKINGHAM,AUS,31.0,16.30,33.01,50.41,1:07.68,1:24.36,1:41.39,1:58.86,2:16.03,2:33.63,2:50.53,3:07.88,3:25.06,3:42.15,3:58.90,4:16.09,4:33.01,4:50.36,5:07.08,5:24.28,5:40.77,5:57.79,6:14.13,6:31.15,6:48.13,7:05.18,7:21.60,7:38.72,7:55.28,8:12.86,8:29.15
outdoor,Oregon (USA),2022,15 July 2022,28,35,men,3000-metres-steeplechase,heats,1.0,Kosei YAMAGUCHI,JPN,31.0,15.76,32.49,49.48,1:06.71,1:23.34,1:40.82,1:57.82,2:15.18,2:32.48,2:49.64,3:06.60,3:24.03,3:41.47,3:58.30,4:15.62,4:32.95,4:50.07,5:06.60,5:24.16,5:40.53,5:58.16,6:14.69,6:31.75,6:48.19,7:04.96,7:22.48,7:40.24,7:57.80,8:15.14,8:30.92
outdoor,Oregon (USA),2022,15 July 2022,28,35,men,3000-metres-steeplechase,heats,1.0,Bilal TABTI,ALG,29.0,16.35,32.98,50.07,1:07.57,1:24.16,1:41.47,1:58.88,2:16.21,2:33.39,2:50.35,3:07.61,3:24.85,3:42.24,3:59.15,4:16.14,4:33.42,4:50.89,5:07.73,5:24.87,5:40.43,5:59.77,6:17.14,6:34.72,6:52.19,7:10.10,7:27.99,7:45.75,8:03.57,8:21.30,8:38.45
outdoor,Oregon (USA),2022,15 July 2022,28,35,men,3000-metres-steeplechase,heats,1.0,Frederik RUPPERT,GER,25.0,16.17,32.99,50.27,1:07.01,1:23.95,1:41.06,1:58.46,2:15.96,2:33.46,2:50.45,3:07.62,3:25.01,3:42.46,3:59.26,4:16.43,4:33.75,4:51.09,5:08.29,5:25.69,5:43.31,6:01.19,6:19.01,6:37.14,6:55.47,7:13.90,7:32.49,7:50.99,8:09.47,8:27.79,8:45.55
outdoor,Oregon (USA),2022,15 July 2022,28,35,men,3000-metres-steeplechase,heats,2.0,Lamecha GIRMA,ETH,22.0,17.62,34.49,52.54,1:09.81,1:26.42,1:42.75,1:59.60,2:16.45,2:33.20,2:49.66,3:07.35,3:25.13,3:43.11,4:01.25,4:18.95,4:35.85,4:52.55,5:08.57,5:25.24,5:40.88,5:57.01,6:13.15,6:29.67,6:46.15,7:02.20,7:18.60,7:35.00,7:50.03,8:05.41,8:19.64
outdoor,Oregon (USA),2022,15 July 2022,28,35,men,3000-metres-steeplechase,heats,2.0,Conseslus KIPRUTO,KEN,28.0,17.02,33.38,51.38,1:08.60,1:25.40,1:41.95,1:58.89,2:15.61,2:32.41,2:49.04,3:07.07,3:24.94,3:42.98,4:01.11,4:19.04,4:35.56,4:52.01,5:08.87,5:25.82,5:41.59,5:57.62,6:13.62,6:30.27,6:46.65,7:02.96,7:19.22,7:35.49,7:50.28,8:05.91,8:20.12
outdoor,Oregon (USA),2022,15 July 2022,28,35,men,3000-metres-steeplechase,heats,2.0,Hillary BOR,USA,33.0,16.51,33.54,51.04,1:08.19,1:24.90,1:41.75,1:58.54,2:15.37,2:32.04,2:48.83,3:06.78,3:24.86,3:42.80,4:01.00,4:18.73,4:35.17,4:52.01,5:08.65,5:25.60,5:41.28,5:57.11,6:13.23,6:29.90,6:46.37,7:02.35,7:18.71,7:35.08,7:50.24,8:05.56,8:20.18
outdoor,Oregon (USA),2022,15 July 2022,28,35,men,3000-metres-steeplechase,heats,2.0,Mehdi BELHADJ,FRA,27.0,16.54,33.69,51.35,1:08.85,1:25.42,1:42.05,1:58.95,2:15.93,2:32.85,2:49.19,3:06.83,3:24.87,3:42.73,4:00.86,4:18.55,4:35.30,4:52.28,5:08.94,5:26.16,5:42.19,5:58.01,6:13.78,6:30.57,6:47.05,7:03.06,7:19.57,7:35.43,7:50.26,8:05.47,8:20.47
outdoor,Oregon (USA),2022,15 July 2022,28,35,men,3000-metres-steeplechase,heats,2.0,Ryuji MIURA,JPN,20.0,16.74,33.86,51.79,1:09.20,1:23.97,1:42.17,1:59.23,2:16.10,2:32.59,2:49.25,3:07.09,3:24.94,3:42.81,4:00.97,4:18.54,4:35.30,4:52.33,5:08.84,5:25.69,5:41.85,5:57.72,6:13.99,6:30.99,6:47.37,7:03.76,7:19.92,7:36.06,7:51.34,8:07.03,8:21.80
outdoor,Oregon (USA),2022,15 July 2022,28,35,men,3000-metres-steeplechase,heats,2.0,Edward TRIPPAS,AUS,24.0,17.28,34.21,52.28,1:10.12,1:26.87,1:43.77,2:00.80,2:17.83,2:34.53,2:51.05,3:08.13,3:25.95,3:43.86,4:01.66,4:19.79,4:37.13,4:53.72,5:10.09,5:27.06,5:43.64,5:59.76,6:16.14,6:32.73,6:48.90,7:04.69,7:20.49,7:36.68,7:52.47,8:08.36,8:23.83
outdoor,Oregon (USA),2022,15 July 2022,28,35,men,3000-metres-steeplechase,heats,2.0,Mohamed ISMAIL,DJI,26.0,16.17,33.38,51.52,1:08.95,1:26.16,1:42.38,1:59.19,2:16.38,2:33.28,2:49.73,3:07.24,3:25.08,3:43.18,4:01.04,4:18.77,4:35.52,4:52.41,5:08.96,5:26.03,5:42.42,5:58.79,6:15.20,6:32.00,6:48.53,7:05.07,7:21.21,7:37.80,7:54.30,8:10.84,8:25.85
outdoor,Oregon (USA),2022,15 July 2022,28,35,men,3000-metres-steeplechase,heats,2.0,Tom Erling KÅRBØ,NOR,33.0,17.74,34.58,52.65,1:10.36,1:27.42,1:44.28,2:01.13,2:17.93,2:34.81,2:51.56,3:08.45,3:26.20,3:43.95,4:01.74,4:19.75,4:36.85,4:53.75,5:10.27,5:27.20,5:43.92,6:00.29,6:16.67,6:33.50,6:50.01,7:06.61,7:22.70,7:38.94,7:54.82,8:11.05,8:26.12
outdoor,Oregon (USA),2022,15 July 2022,28,35,men,3000-metres-steeplechase,heats,2.0,Hichem BOUCHICHA,ALG,33.0,16.69,33.74,51.85,1:09.45,1:26.25,1:42.84,1:59.87,2:16.61,2:33.62,2:50.15,3:06.78,3:25.30,3:43.23,4:01.27,4:19.26,4:36.08,4:52.76,5:09.12,5:26.35,5:42.48,5:59.11,6:15.60,6:32.30,6:49.25,7:06.00,7:22.72,7:35.08,7:56.05,8:12.32,8:27.39
outdoor,Oregon (USA),2022,15 July 2022,28,35,men,3000-metres-steeplechase,heats,2.0,Ahmed JAZIRI,TUN,25.0,17.36,34.33,52.56,1:10.24,1:26.83,1:43.63,2:00.58,2:17.13,2:34.07,2:50.66,3:07.39,3:25.51,3:43.39,4:01.46,4:19.56,4:36.35,4:52.84,5:09.47,5:26.74,5:43.16,5:59.69,6:16.46,6:33.17,6:49.76,7:06.48,7:23.04,7:40.22,7:56.69,8:12.93,8:28.28
outdoor,Oregon (USA),2022,15 July 2022,28,35,men,3000-metres-steeplechase,heats,2.0,Víctor RUIZ,ESP,29.0,17.02,34.00,52.08,1:09.69,1:26.90,1:43.37,2:00.21,2:16.95,2:33.85,2:50.26,3:07.74,3:25.68,3:43.78,4:01.85,4:20.15,4:37.19,4:53.92,5:10.05,5:27.60,5:44.02,6:00.59,6:16.97,6:34.39,6:51.49,7:08.84,7:26.27,7:44.02,8:01.43,8:18.47,8:33.42
outdoor,Oregon (USA),2022,15 July 2022,28,35,men,3000-metres-steeplechase,heats,2.0,Ryan SMEETON,CAN,24.0,16.98,33.79,51.51,1:09.35,1:26.41,1:43.46,2:00.48,2:17.65,2:34.46,2:51.15,3:08.06,3:25.77,3:43.84,4:01.44,4:19.36,4:36.43,4:53.33,5:10.08,5:26.84,5:43.68,6:00.21,6:16.91,6:34.07,6:51.20,7:08.73,7:26.12,7:43.79,8:01.00,8:18.45,8:33.51
outdoor,Oregon (USA),2022,15 July 2022,28,35,men,3000-metres-steeplechase,heats,2.0,Salaheddine BEN YAZIDE,MAR,19.0,17.47,34.39,52.26,1:10.01,1:26.95,1:43.21,1:59.92,2:16.95,2:33.77,2:50.39,3:07.39,3:25.41,3:43.39,4:01.57,4:19.58,4:36.78,4:53.27,5:10.05,5:27.36,5:44.25,6:01.07,6:17.59,6:34.81,6:52.11,7:09.71,7:27.53,7:45.68,8:04.05,8:21.61,8:38.46
outdoor,Oregon (USA),2022,15 July 2022,28,35,men,3000-metres-steeplechase,heats,2.0,Carlos Andres SAN MARTIN,COL,29.0,17.76,34.17,51.97,1:09.81,1:27.29,1:44.35,2:01.14,2:18.12,2:34.90,2:51.49,3:08.29,3:25.74,3:43.52,4:01.17,4:19.09,4:36.42,4:54.64,5:12.12,5:29.49,5:46.73,6:04.02,6:21.68,6:39.61,6:57.61,7:15.55,7:34.00,7:53.01,8:11.87,8:30.60,8:48.66
outdoor,Oregon (USA),2022,15 July 2022,28,35,men,3000-metres-steeplechase,heats,3.0,Hailemariyam AMARE,ETH,25.0,17.12,33.91,51.18,1:08.61,1:25.39,1:42.50,2:00.01,2:17.30,2:34.70,2:51.90,3:09.13,3:26.29,3:43.44,4:00.44,4:17.75,4:34.71,4:51.35,5:07.73,5:24.55,5:40.40,5:56.37,6:12.22,6:28.78,6:44.64,7:00.37,7:15.81,7:31.79,7:47.25,8:02.88,8:18.34
outdoor,Oregon (USA),2022,15 July 2022,28,35,men,3000-metres-steeplechase,heats,3.0,Evan JAGER,USA,33.0,16.67,33.12,49.97,1:06.79,1:23.84,1:41.39,1:58.51,2:15.73,2:33.21,2:50.47,3:07.70,3:24.93,3:42.43,3:59.29,4:16.37,4:33.76,4:50.24,5:07.06,5:23.50,5:39.79,5:55.87,6:12.02,6:28.42,6:44.33,7:00.12,7:15.83,7:31.78,7:47.34,8:02.89,8:18.44
outdoor,Oregon (USA),2022,15 July 2022,28,35,men,3000-metres-steeplechase,heats,3.0,Avinash Mukund SABLE,IND,28.0,16.30,32.97,49.72,1:06.62,1:23.76,1:41.31,1:58.39,2:15.59,2:33.14,2:50.33,3:07.44,3:24.88,3:42.35,3:59.21,4:16.33,4:34.19,4:51.11,5:07.31,5:24.30,5:40.69,5:56.80,6:12.34,6:29.54,6:45.14,7:01.16,7:16.59,7:32.46,7:47.86,8:03.95,8:18.75
outdoor,Oregon (USA),2022,15 July 2022,28,35,men,3000-metres-steeplechase,heats,3.0,Yemane HAILESELASSIE,ERI,24.0,17.12,33.88,51.15,1:08.87,1:26.01,1:42.03,1:59.46,2:16.85,2:33.87,2:51.02,3:08.25,3:25.56,3:43.13,3:59.82,4:17.09,4:34.20,4:50.68,5:07.45,5:24.24,5:40.31,5:56.25,6:12.34,6:29.09,6:44.63,7:00.46,7:15.82,7:32.23,7:47.46,8:04.22,8:18.75
outdoor,Oregon (USA),2022,15 July 2022,28,35,men,3000-metres-steeplechase,heats,3.0,Daniel ARCE,ESP,30.0,17.31,33.89,51.09,1:07.93,1:24.55,1:41.81,1:59.03,2:16.24,2:33.63,2:51.00,3:08.11,3:25.39,3:42.76,3:59.84,4:16.82,4:34.27,4:50.88,5:07.10,5:23.83,5:40.08,5:55.96,6:12.22,6:29.07,6:44.81,7:00.60,7:15.82,7:32.35,7:48.54,8:05.08,8:21.06
outdoor,Oregon (USA),2022,15 July 2022,28,35,men,3000-metres-steeplechase,heats,3.0,Mohamed Amin JHINAOUI,TUN,25.0,16.67,33.44,50.55,1:07.73,1:24.38,1:41.81,1:59.10,2:16.28,2:33.48,2:50.85,3:07.96,3:25.28,3:42.60,3:59.62,4:16.67,4:34.05,4:51.00,5:07.52,5:24.42,5:40.83,5:56.86,6:13.03,6:29.81,6:45.86,7:02.18,7:15.83,7:35.14,7:51.17,8:06.99,8:22.00
outdoor,Oregon (USA),2022,15 July 2022,28,35,men,3000-metres-steeplechase,heats,3.0,Benjamin KIGEN,KEN,29.0,16.89,33.43,50.39,1:07.40,1:24.20,1:41.74,1:58.93,2:16.19,2:33.39,2:50.72,3:07.99,3:25.12,3:42.58,3:59.54,4:16.71,4:33.88,4:50.50,5:07.20,5:23.94,5:40.73,5:56.67,6:12.02,6:29.06,6:45.08,7:00.75,7:15.83,7:32.22,7:47.37,8:05.09,8:22.52
outdoor,Oregon (USA),2022,15 July 2022,28,35,men,3000-metres-steeplechase,heats,3.0,Karl BEBENDORF,GER,26.0,16.77,33.76,50.87,1:08.04,1:24.77,1:42.17,1:59.78,2:17.40,2:34.13,2:51.26,3:08.69,3:25.81,3:43.18,4:00.14,4:17.38,4:34.58,4:51.93,5:08.58,5:24.91,5:41.19,5:57.03,6:13.39,6:30.08,6:46.17,7:02.29,7:18.22,7:34.73,7:51.56,8:08.58,8:25.73
outdoor,Oregon (USA),2022,15 July 2022,28,35,men,3000-metres-steeplechase,heats,3.0,Jacob BOUTERA,NOR,26.0,16.87,33.61,50.77,1:07.80,1:24.69,1:41.96,1:59.36,2:16.92,2:33.39,2:50.72,3:08.50,3:25.71,3:43.04,3:59.79,4:17.25,4:34.59,4:51.74,5:08.17,5:24.95,5:41.49,5:57.64,6:12.51,6:30.74,6:47.24,7:03.67,7:20.91,7:38.71,7:56.57,8:14.31,8:31.47
outdoor,Oregon (USA),2022,15 July 2022,28,35,men,3000-metres-steeplechase,heats,3.0,Vidar JOHANSSON,SWE,26.0,17.45,34.07,51.34,1:08.64,1:25.25,1:42.54,1:59.89,2:17.45,2:34.44,2:51.77,3:09.11,3:26.06,3:43.59,4:00.72,4:18.15,4:35.05,4:51.80,5:08.68,5:25.84,5:42.84,5:59.86,6:16.98,6:34.19,6:51.34,7:08.26,7:25.25,7:42.56,7:59.98,8:16.95,8:33.51
outdoor,Oregon (USA),2022,15 July 2022,28,35,men,3000-metres-steeplechase,heats,3.0,Ryoma AOKI,JPN,25.0,17.23,33.78,50.98,1:08.34,1:25.11,1:42.39,1:59.67,2:17.11,2:34.05,2:51.40,3:08.70,3:26.04,3:43.32,4:00.37,4:17.55,4:34.50,4:51.49,5:08.35,5:25.45,5:42.19,5:58.60,6:15.67,6:33.24,6:50.36,7:08.16,7:25.64,7:43.17,8:01.29,8:18.33,8:33.89
outdoor,Oregon (USA),2022,15 July 2022,28,35,men,3000-metres-steeplechase,heats,3.0,Topi RAITANEN,FIN,26.0,17.81,34.51,51.80,1:09.17,1:26.40,1:43.04,2:00.50,2:17.90,2:35.10,2:52.42,3:09.61,3:26.73,3:44.03,4:01.24,4:18.51,4:35.61,4:52.91,5:09.88,5:27.14,5:44.35,6:01.45,6:19.14,6:36.82,6:54.70,7:13.02,7:31.16,7:49.84,8:08.10,8:26.15,8:43.01
outdoor,Oregon (USA),2022,16 July 2022,18,83,women,3000-metres-steeplechase,heats,1.0,Norah JERUTO,KAZ,27.0,16.93,33.57,50.75,1:08.55,1:26.26,1:44.30,2:02.83,2:21.57,2:40.72,2:58.91,3:17.65,3:36.33,3:55.49,4:13.51,4:31.64,4:49.63,5:07.87,5:25.29,5:42.76,6:00.89,6:19.32,6:37.09,6:55.59,7:13.84,7:32.45,7:50.28,8:08.68,8:26.41,8:44.70,9:01.54
outdoor,Oregon (USA),2022,16 July 2022,18,83,women,3000-metres-steeplechase,heats,1.0,Werkuha GETACHEW,ETH,27.0,17.37,33.82,51.13,1:09.09,1:26.82,1:44.67,2:03.20,2:21.94,2:41.04,2:59.39,3:18.17,3:36.60,3:55.50,4:13.89,4:32.14,4:50.60,5:09.59,5:28.06,5:47.03,6:06.18,6:25.24,6:44.31,7:03.17,7:22.39,7:40.49,7:58.48,8:16.77,8:34.80,8:53.74,9:11.25
outdoor,Oregon (USA),2022,16 July 2022,18,83,women,3000-metres-steeplechase,heats,1.0,Marwa BOUZAYANI,TUN,25.0,18.32,34.69,52.27,1:10.01,1:27.97,1:45.89,2:04.30,2:22.86,2:41.96,3:00.53,3:19.53,3:38.50,3:57.24,4:16.03,4:35.06,4:53.87,5:12.08,5:30.99,5:50.02,6:08.62,6:27.34,6:45.53,7:04.06,7:21.98,7:40.17,7:58.60,8:17.41,8:35.92,8:54.49,9:12.14
outdoor,Oregon (USA),2022,16 July 2022,18,83,women,3000-metres-steeplechase,heats,1.0,Emma COBURN,USA,32.0,16.93,33.68,50.94,1:08.88,1:26.60,1:44.59,2:03.03,2:21.77,2:40.90,2:59.32,3:18.08,3:36.92,3:55.99,4:14.49,4:32.61,4:51.10,5:09.70,5:27.98,5:46.63,6:05.88,6:24.80,6:43.93,7:03.04,7:22.30,7:40.90,7:59.12,8:17.50,8:36.35,8:56.14,9:15.19
outdoor,Oregon (USA),2022,16 July 2022,18,83,women,3000-metres-steeplechase,heats,1.0,Elizabeth BIRD,GBR,28.0,17.16,33.89,51.49,1:09.46,1:27.34,1:45.22,2:03.03,2:22.39,2:41.34,3:00.13,3:18.81,3:37.60,3:56.63,4:15.44,4:34.60,4:53.72,5:12.94,5:31.33,5:50.23,6:09.18,6:28.33,6:47.40,7:07.44,7:27.04,7:47.27,8:06.88,8:26.11,8:45.46,9:05.13,9:23.17
outdoor,Oregon (USA),2022,16 July 2022,18,83,women,3000-metres-steeplechase,heats,1.0,Jackline CHEPKOECH,KEN,19.0,17.00,33.60,50.75,1:08.64,1:26.38,1:44.41,2:02.85,2:21.84,2:40.80,2:59.17,3:18.00,3:37.01,3:56.40,4:15.42,4:33.97,4:52.67,5:11.58,5:30.32,5:49.55,6:08.77,6:28.29,6:48.32,7:07.16,7:26.41,7:46.86,8:06.69,8:27.05,8:46.87,9:07.15,9:27.50
outdoor,Oregon (USA),2022,16 July 2022,18,83,women,3000-metres-steeplechase,heats,1.0,Belén CASETTA,ARG,28.0,17.35,34.00,51.78,1:09.98,1:28.03,1:46.67,2:05.16,2:24.53,2:43.35,3:02.54,3:21.75,3:41.24,4:00.53,4:19.90,4:39.26,4:59.02,5:18.32,5:37.93,5:57.61,6:17.75,6:37.22,6:56.92,7:16.82,7:36.83,7:56.20,8:15.56,8:34.63,8:53.02,9:11.18,9:29.05
outdoor,Oregon (USA),2022,16 July 2022,18,83,women,3000-metres-steeplechase,heats,1.0,Shuangshuang XU,CHN,26.0,17.54,34.32,52.15,1:10.57,1:29.41,1:48.72,2:07.83,2:27.62,2:47.70,3:07.21,3:26.86,3:46.78,4:06.48,4:25.81,4:45.20,5:04.99,5:24.61,5:44.01,6:03.57,6:23.23,6:42.81,7:02.39,7:22.30,7:41.88,8:01.83,8:21.35,8:41.91,9:01.48,9:20.75,9:39.17
outdoor,Oregon (USA),2022,16 July 2022,18,83,women,3000-metres-steeplechase,heats,1.0,Simone FERRAZ,BRA,32.0,18.11,35.25,53.31,1:12.17,1:31.63,1:50.94,2:10.10,2:29.51,2:49.55,3:08.57,3:28.12,3:47.85,4:07.43,4:26.79,4:46.55,5:06.52,5:27.04,5:47.10,6:07.51,6:28.17,6:48.81,7:09.07,7:29.92,7:50.42,8:11.60,8:32.70,8:53.29,9:13.24,9:34.13,9:53.52
outdoor,Oregon (USA),2022,16 July 2022,18,83,women,3000-metres-steeplechase,heats,1.0,Nilani RATHNAYAKA,SRI,32.0,18.62,34.99,52.78,1:11.31,1:31.05,1:49.38,2:08.67,2:27.83,2:47.69,3:07.29,3:26.96,3:47.28,4:07.55,4:26.86,4:46.52,5:06.63,5:27.43,5:47.65,6:08.21,6:28.76,6:49.39,7:09.43,7:30.15,7:50.50,8:12.14,8:32.87,8:52.80,9:13.43,9:34.97,9:54.10
outdoor,Oregon (USA),2022,16 July 2022,19,81,women,3000-metres-steeplechase,heats,2.0,Alice FINOT,FRA,31.0,18.11,36.52,55.02,1:14.14,1:32.04,1:51.46,2:10.74,2:29.85,2:48.43,3:07.51,3:26.45,3:44.82,4:03.66,4:22.27,4:41.31,4:59.92,5:19.45,5:37.96,5:57.31,6:16.03,6:34.88,6:53.36,7:13.02,7:31.09,7:49.86,8:07.38,8:24.90,8:42.05,8:59.13,9:14.34
outdoor,Oregon (USA),2022,16 July 2022,19,81,women,3000-metres-steeplechase,heats,2.0,Mekides ABEBE,ETH,21.0,17.84,36.31,54.99,1:13.89,1:32.23,1:51.29,2:10.34,2:29.27,2:47.90,3:07.30,3:25.80,3:44.39,4:03.30,4:22.04,4:41.08,4:59.52,5:18.62,5:37.57,5:56.75,6:15.68,6:34.47,6:53.09,7:12.51,7:30.70,7:49.35,8:06.79,8:24.67,8:41.69,8:59.10,9:14.83
outdoor,Oregon (USA),2022,16 July 2022,19,81,women,3000-metres-steeplechase,heats,2.0,Luiza GEGA,ALB,34.0,17.88,36.18,54.61,1:13.46,1:32.48,1:51.24,2:10.01,2:28.98,2:47.74,3:06.95,3:25.53,3:44.32,4:03.00,4:21.75,4:40.79,4:59.59,5:19.32,5:37.84,5:57.18,6:15.73,6:34.68,6:53.34,7:12.87,7:30.99,7:49.69,8:07.29,8:25.23,8:42.12,8:59.54,9:14.91
outdoor,Oregon (USA),2022,16 July 2022,19,81,women,3000-metres-steeplechase,heats,2.0,Courtney WAYMENT,USA,24.0,18.29,36.69,55.18,1:13.96,1:32.38,1:51.40,2:10.63,2:29.38,2:48.15,3:07.54,3:26.10,3:44.63,4:03.47,4:22.25,4:41.18,4:59.81,5:19.04,5:37.72,5:57.04,6:15.78,6:34.62,6:53.25,7:12.72,7:30.84,7:49.43,8:06.92,8:24.50,8:41.72,8:59.31,9:14.95
outdoor,Oregon (USA),2022,16 July 2022,19,81,women,3000-metres-steeplechase,heats,2.0,Peruth CHEMUTAI,UGA,23.0,17.56,36.09,54.29,1:13.14,1:31.58,1:51.14,2:09.96,2:28.81,2:47.66,3:06.84,3:25.52,3:44.02,4:02.68,4:21.77,4:40.62,4:59.40,5:18.51,5:37.38,5:56.50,6:15.57,6:34.37,6:53.08,7:12.48,7:30.79,7:49.59,8:07.15,8:24.69,8:41.97,8:59.53,9:16.66
outdoor,Oregon (USA),2022,16 July 2022,19,81,women,3000-metres-steeplechase,heats,2.0,Aimee PRATT,GBR,25.0,18.48,37.02,55.74,1:14.66,1:33.07,1:51.86,2:11.11,2:30.36,2:48.47,3:07.67,3:26.52,3:45.21,4:03.92,4:22.46,4:41.48,5:00.42,5:19.74,5:38.62,5:57.71,6:16.59,6:35.51,6:53.97,7:13.35,7:31.39,7:49.68,8:06.70,8:24.50,8:42.82,9:01.22,9:18.91
outdoor,Oregon (USA),2022,16 July 2022,19,81,women,3000-metres-steeplechase,heats,2.0,Gesa Felicitas KRAUSE,GER,30.0,18.59,36.80,55.62,1:14.66,1:32.98,1:52.26,2:11.36,2:30.51,2:48.96,3:08.07,3:27.08,3:46.00,4:04.71,4:23.17,4:42.01,5:00.74,5:19.88,5:38.74,5:58.06,6:17.03,6:36.16,6:54.37,7:13.58,7:32.53,7:51.42,8:09.77,8:28.14,8:46.57,9:04.42,9:21.02
outdoor,Oregon (USA),2022,16 July 2022,19,81,women,3000-metres-steeplechase,heats,2.0,Chiara SCHERRER,SUI,26.0,18.41,36.86,55.47,1:14.50,1:32.86,1:51.79,2:11.06,2:30.29,2:48.56,3:07.76,3:26.64,3:45.46,4:03.98,4:22.75,4:41.65,5:00.67,5:19.39,5:38.62,5:57.40,6:16.66,6:35.29,6:53.96,7:13.22,7:31.65,7:50.46,8:08.78,8:27.44,8:45.82,9:04.17,9:22.15
outdoor,Oregon (USA),2022,16 July 2022,19,81,women,3000-metres-steeplechase,heats,2.0,Irene SÁNCHEZ-ESCRIBANO,ESP,30.0,18.13,36.54,55.33,1:14.17,1:32.62,1:51.65,2:10.89,2:29.84,2:48.79,3:07.87,3:26.86,3:45.52,4:04.32,4:22.81,4:42.05,5:00.91,5:20.05,5:38.97,5:57.92,6:16.74,6:35.74,6:54.35,7:13.71,7:31.82,7:50.53,8:08.87,8:27.57,8:46.15,9:05.55,9:23.94
outdoor,Oregon (USA),2022,16 July 2022,19,81,women,3000-metres-steeplechase,heats,2.0,Grace FETHERSTONHAUGH,CAN,22.0,19.09,37.52,56.34,1:15.35,1:34.48,1:53.34,2:12.18,2:31.63,2:50.81,3:10.11,3:29.28,3:48.92,4:08.39,4:28.03,4:47.64,5:07.68,5:27.84,5:47.44,6:07.01,6:26.98,6:47.19,7:07.43,7:27.80,7:48.14,8:08.71,8:28.77,8:49.37,9:09.64,9:30.31,9:49.85
outdoor,Oregon (USA),2022,16 July 2022,19,81,women,3000-metres-steeplechase,heats,2.0,Carolina LOZANO,ARG,26.0,19.32,37.69,56.69,1:15.96,1:35.41,1:54.60,2:13.78,2:33.10,2:53.21,3:13.07,3:33.04,3:53.28,4:14.06,4:34.16,4:54.30,5:14.69,5:35.82,5:56.39,6:17.24,6:38.03,6:59.83,7:20.59,7:41.73,8:02.33,8:23.59,8:43.83,9:04.29,9:24.14,9:44.81,10:03.51
outdoor,Oregon (USA),2022,16 July 2022,19,81,women,3000-metres-steeplechase,heats,3.0,Celliphine Chepteek CHESPOL,KEN,23.0,18.24,35.93,53.56,1:12.94,1:31.74,1:50.90,2:10.33,2:29.49,2:48.81,3:07.62,3:26.59,3:45.24,4:04.34,4:23.01,4:42.39,5:01.45,5:20.27,5:38.99,5:57.73,6:16.47,6:35.60,6:54.39,7:13.34,7:32.26,7:51.08,8:09.09,8:26.68,8:43.31,9:00.33,9:16.78
outdoor,Oregon (USA),2022,16 July 2022,19,81,women,3000-metres-steeplechase,heats,3.0,Sembo ALMAYEW,ETH,17.0,17.93,35.46,53.56,1:12.07,1:31.18,1:50.30,2:09.78,2:29.04,2:48.49,3:07.33,3:26.00,3:45.05,4:04.50,4:23.47,4:42.80,5:01.68,5:20.76,5:39.22,5:58.56,6:17.13,6:35.99,6:54.56,7:13.87,7:32.77,7:51.65,8:09.56,8:28.41,8:45.49,9:03.72,9:21.10
outdoor,Oregon (USA),2022,16 July 2022,19,81,women,3000-metres-steeplechase,heats,3.0,Daisy JEPKEMEI,KAZ,26.0,17.88,35.42,53.56,1:11.99,1:31.12,1:50.27,2:09.66,2:28.96,2:48.73,3:07.58,3:26.87,3:45.59,4:04.83,4:23.37,4:42.81,5:01.89,5:20.96,5:39.20,5:58.40,6:17.00,6:36.16,6:54.70,7:14.05,7:32.98,7:51.73,8:09.51,8:27.96,8:46.11,9:04.90,9:23.07
outdoor,Oregon (USA),2022,16 July 2022,19,81,women,3000-metres-steeplechase,heats,3.0,Nataliya STREBKOVA,UKR,27.0,18.61,36.48,53.27,1:13.85,1:32.94,1:52.02,2:11.22,2:30.62,2:49.68,3:08.74,3:27.74,3:46.53,4:05.90,4:24.32,4:42.89,5:02.62,5:21.84,5:40.49,5:59.34,6:18.15,6:37.06,6:55.59,7:14.81,7:33.75,7:52.79,8:11.71,8:31.15,8:50.12,9:09.19,9:25.85
outdoor,Oregon (USA),2022,16 July 2022,19,81,women,3000-metres-steeplechase,heats,3.0,Tatiane Raquel DA SILVA,BRA,32.0,18.05,36.00,54.33,1:13.39,1:32.10,1:51.49,2:10.71,2:30.08,2:49.26,3:08.17,3:27.22,3:45.96,4:05.24,4:23.76,4:42.89,5:02.39,5:21.36,5:40.13,5:59.13,6:18.28,6:37.36,6:56.12,7:15.28,7:34.35,7:53.57,8:12.97,8:31.63,8:51.22,9:09.31,9:26.25
outdoor,Oregon (USA),2022,16 July 2022,19,81,women,3000-metres-steeplechase,heats,3.0,Carolina ROBLES,ESP,31.0,18.36,36.15,53.56,1:13.48,1:32.28,1:51.60,2:10.71,2:29.72,2:49.21,3:08.02,3:27.06,3:45.69,4:05.23,4:23.88,4:42.80,5:02.15,5:21.51,5:40.12,5:58.56,6:17.57,6:36.62,6:55.19,7:14.43,7:33.34,7:52.55,8:11.45,8:30.68,8:50.05,9:09.82,9:28.24
outdoor,Oregon (USA),2022,16 July 2022,19,81,women,3000-metres-steeplechase,heats,3.0,Ceili MCCABE,CAN,21.0,18.41,36.31,53.27,1:14.43,1:33.12,1:51.89,2:11.13,2:30.25,2:49.57,3:08.72,3:27.91,3:46.53,4:06.17,4:23.88,4:42.80,5:03.63,5:22.84,5:41.89,6:01.12,6:24.18,6:42.12,7:01.27,7:21.21,7:40.83,8:00.56,8:19.49,8:38.47,8:57.05,9:15.35,9:32.73
outdoor,Oregon (USA),2022,18 July 2022,26,43,men,3000-metres-steeplechase,final,1.0,Soufiane EL BAKKALI,MAR,27.0,15.81,32.92,50.78,1:09.52,1:27.62,1:46.25,2:05.23,2:23.85,2:41.97,2:59.14,3:15.73,3:32.57,3:50.10,4:07.03,4:25.46,4:43.31,5:01.18,5:19.02,5:36.19,5:53.44,6:10.30,6:26.33,6:42.73,6:58.09,7:13.48,7:27.78,7:42.86,7:57.11,8:11.45,8:25.13
outdoor,Oregon (USA),2022,18 July 2022,26,43,men,3000-metres-steeplechase,final,1.0,Lamecha GIRMA,ETH,22.0,17.18,34.13,52.00,1:10.47,1:28.49,1:46.83,2:05.80,2:24.40,2:42.03,2:58.01,3:14.64,3:31.78,3:49.48,4:06.70,4:25.06,4:43.01,5:01.08,5:18.93,5:36.53,5:53.53,6:10.46,6:26.62,6:42.99,6:58.27,7:13.68,7:27.92,7:43.24,7:57.22,8:11.96,8:26.01
outdoor,Oregon (USA),2022,18 July 2022,26,43,men,3000-metres-steeplechase,final,1.0,Conseslus KIPRUTO,KEN,28.0,15.78,32.82,50.66,1:09.24,1:27.09,1:45.63,2:04.44,2:23.01,2:41.39,2:58.31,3:15.21,3:31.70,3:49.58,4:06.79,4:24.80,4:42.89,5:00.64,5:18.25,5:35.40,5:52.44,6:09.39,6:25.36,6:41.58,6:57.62,7:13.08,7:27.66,7:42.63,7:56.68,8:12.11,8:27.92
outdoor,Oregon (USA),2022,18 July 2022,26,43,men,3000-metres-steeplechase,final,1.0,Getnet WALE,ETH,22.0,16.06,33.33,51.29,1:10.11,1:27.48,1:45.99,2:04.66,2:23.30,2:41.39,2:58.63,3:15.38,3:32.14,3:49.72,4:06.96,4:24.94,4:42.99,5:00.69,5:18.31,5:35.44,5:52.68,6:09.43,6:25.30,6:41.48,6:57.52,7:12.89,7:27.31,7:42.44,7:56.67,8:12.54,8:28.68
outdoor,Oregon (USA),2022,18 July 2022,26,43,men,3000-metres-steeplechase,final,1.0,Abraham KIBIWOT,KEN,26.0,16.24,33.34,51.23,1:09.71,1:27.55,1:46.17,2:04.89,2:23.70,2:41.55,2:59.01,3:15.96,3:32.80,3:50.49,4:07.29,4:25.19,4:43.07,5:00.84,5:18.67,5:36.03,5:53.17,6:09.92,6:26.13,6:42.50,6:58.17,7:13.94,7:28.45,7:43.38,7:58.52,8:14.76,8:28.95
outdoor,Oregon (USA),2022,18 July 2022,26,43,men,3000-metres-steeplechase,final,1.0,Evan JAGER,USA,33.0,16.51,33.44,51.04,1:09.12,1:26.95,1:45.52,2:04.20,2:22.94,2:41.14,2:58.29,3:15.32,3:32.16,3:49.78,4:06.97,4:25.29,4:43.24,5:01.19,5:18.72,5:35.81,5:52.89,6:09.74,6:25.67,6:42.05,6:57.99,7:13.62,7:28.31,7:43.70,7:58.80,8:14.47,8:29.08
outdoor,Oregon (USA),2022,18 July 2022,26,43,men,3000-metres-steeplechase,final,1.0,Yemane HAILESELASSIE,ERI,24.0,16.08,33.17,51.34,1:09.91,1:27.86,1:46.08,2:04.87,2:23.61,2:41.62,2:58.62,3:15.82,3:32.69,3:50.35,4:07.38,4:25.69,4:43.65,5:01.62,5:18.87,5:36.19,5:53.31,6:09.92,6:25.96,6:42.51,6:57.61,7:12.61,7:27.02,7:42.18,7:58.13,8:13.94,8:29.40
outdoor,Oregon (USA),2022,18 July 2022,26,43,men,3000-metres-steeplechase,final,1.0,Hillary BOR,USA,33.0,15.97,33.00,50.74,1:09.52,1:27.22,1:45.70,2:04.49,2:23.11,2:41.26,2:58.21,3:14.85,3:31.94,3:49.56,4:06.79,4:24.89,4:42.97,5:00.78,5:18.44,5:35.61,5:52.71,6:09.47,6:25.53,6:41.89,6:57.65,7:12.96,7:27.79,7:43.32,7:58.74,8:14.31,8:29.77
outdoor,Oregon (USA),2022,18 July 2022,26,43,men,3000-metres-steeplechase,final,1.0,Daniel ARCE,ESP,30.0,17.15,34.13,52.00,1:10.48,1:28.21,1:46.97,2:05.81,2:24.32,2:42.39,2:59.59,3:16.65,3:33.68,3:51.18,4:08.07,4:26.17,4:43.69,5:01.51,5:19.06,5:36.70,5:52.76,6:09.56,6:25.43,6:41.85,6:57.78,7:13.50,7:28.19,7:43.51,7:58.46,8:14.23,8:30.05
outdoor,Oregon (USA),2022,18 July 2022,26,43,men,3000-metres-steeplechase,final,1.0,Hailemariyam AMARE,ETH,25.0,16.51,33.43,51.50,1:10.21,1:28.08,1:46.33,2:05.20,2:23.89,2:41.89,2:58.79,3:16.05,3:32.67,3:50.12,4:07.15,4:25.49,4:43.51,5:01.28,5:18.55,5:35.89,5:52.93,6:09.62,6:25.60,6:42.19,6:57.84,7:13.30,7:27.61,7:42.46,7:58.54,8:14.46,8:31.54
outdoor,Oregon (USA),2022,18 July 2022,26,43,men,3000-metres-steeplechase,final,1.0,Avinash Mukund SABLE,IND,28.0,16.84,33.90,51.51,1:10.05,1:27.85,1:46.59,2:05.51,2:24.01,2:42.35,2:59.46,3:16.43,3:33.40,3:50.66,4:07.47,4:25.67,4:43.80,5:01.70,5:19.25,5:36.84,5:53.72,6:10.64,6:26.85,6:43.34,6:59.54,7:14.86,7:29.60,7:44.87,8:00.00,8:16.03,8:31.75
outdoor,Oregon (USA),2022,18 July 2022,26,43,men,3000-metres-steeplechase,final,1.0,Ahmed ABDELWAHED,ITA,26.0,16.77,33.82,51.83,1:10.29,1:28.19,1:46.55,2:05.54,2:23.78,2:42.20,2:59.27,3:16.44,3:33.34,3:51.02,4:08.04,4:26.24,4:44.04,5:01.81,5:19.43,5:37.17,5:53.77,6:10.73,6:26.92,6:43.47,6:59.28,7:15.35,7:30.70,7:46.53,8:02.31,8:18.85,8:33.43
outdoor,Oregon (USA),2022,18 July 2022,26,43,men,3000-metres-steeplechase,final,1.0,Mehdi BELHADJ,FRA,27.0,15.97,33.16,51.07,1:09.63,1:27.33,1:45.90,2:04.63,2:23.24,2:41.49,2:58.70,3:15.48,3:32.35,3:49.92,4:06.90,4:25.11,4:43.04,5:00.93,5:18.52,5:35.55,5:52.55,6:09.55,6:25.31,6:41.71,6:57.97,7:13.25,7:28.19,7:43.99,8:00.00,8:17.09,8:34.49
outdoor,Oregon (USA),2022,18 July 2022,26,43,men,3000-metres-steeplechase,final,1.0,Sebastián MARTOS,ESP,33.0,16.22,32.79,50.65,1:09.05,1:26.87,1:45.44,2:04.12,2:22.84,2:41.04,2:58.04,3:15.53,3:32.42,3:50.24,4:07.63,4:25.87,4:43.89,5:01.31,5:18.39,5:35.81,5:52.45,6:09.39,6:25.75,6:42.90,6:59.59,7:16.06,7:31.69,7:48.25,8:05.22,8:21.84,8:36.66
outdoor,Oregon (USA),2022,18 July 2022,26,43,men,3000-metres-steeplechase,final,1.0,Leonard Kipkemoi BETT,KEN,22.0,16.60,33.73,51.79,1:10.42,1:28.09,1:46.68,2:05.48,2:24.26,2:42.63,2:59.23,3:16.08,3:32.94,3:50.81,4:07.64,4:26.01,4:43.63,5:01.41,5:19.19,5:36.54,5:53.30,6:10.16,6:26.29,6:43.18,7:00.71,7:16.60,7:31.67,7:48.91,8:05.73,8:22.37,8:36.74
outdoor,Oregon (USA),2022,20 July 2022,30,49,women,3000-metres-steeplechase,final,1.0,Norah JERUTO,KAZ,27.0,16.51,33.45,50.98,1:08.48,1:25.78,1:43.51,2:01.87,2:20.27,2:39.02,2:57.72,3:16.54,3:34.38,3:52.49,4:10.26,4:28.33,4:46.89,5:05.08,5:22.75,5:39.99,5:58.29,6:16.50,6:33.74,6:51.58,7:09.67,7:28.75,7:46.44,8:03.73,8:20.45,8:37.58,8:53.02
outdoor,Oregon (USA),2022,20 July 2022,30,49,women,3000-metres-steeplechase,final,1.0,Werkuha GETACHEW,ETH,27.0,17.21,33.84,51.66,1:09.79,1:27.44,1:44.62,2:02.52,2:20.75,2:39.66,2:58.15,3:17.04,3:35.04,3:53.35,4:11.06,4:29.09,4:47.10,5:05.52,5:22.75,5:40.38,5:58.77,6:17.22,6:34.25,6:52.09,7:09.97,7:29.05,7:46.67,8:03.88,8:20.70,8:38.11,8:54.61
outdoor,Oregon (USA),2022,20 July 2022,30,49,women,3000-metres-steeplechase,final,1.0,Mekides ABEBE,ETH,21.0,16.70,33.63,51.34,1:09.41,1:26.84,1:44.72,2:03.11,2:21.31,2:40.02,2:58.41,3:17.18,3:35.46,3:53.81,4:11.29,4:29.84,4:48.12,5:06.48,5:23.75,5:41.84,6:00.36,6:18.28,6:35.23,6:53.28,7:11.21,7:29.30,7:46.56,8:04.35,8:21.10,8:38.64,8:56.08
outdoor,Oregon (USA),2022,20 July 2022,30,49,women,3000-metres-steeplechase,final,1.0,Winfred Mutile YAVI,BRN,23.0,16.58,33.38,50.96,1:08.39,1:25.82,1:43.73,2:02.02,2:20.34,2:39.22,2:57.79,3:16.64,3:34.74,3:52.84,4:10.37,4:28.53,4:46.88,5:04.98,5:22.65,5:40.29,5:58.64,6:16.95,6:34.20,6:52.10,7:09.76,7:28.89,7:46.37,8:04.06,8:20.70,8:38.95,9:01.31
outdoor,Oregon (USA),2022,20 July 2022,30,49,women,3000-metres-steeplechase,final,1.0,Luiza GEGA,ALB,34.0,16.89,34.13,52.01,1:10.14,1:28.52,1:46.24,2:04.09,2:22.29,2:40.80,2:59.06,3:17.94,3:36.61,3:55.21,4:13.30,4:31.88,4:50.31,5:09.42,5:27.76,5:46.99,6:05.99,6:25.05,6:43.92,7:03.17,7:21.83,7:40.80,7:58.93,8:17.57,8:35.46,8:53.86,9:10.04
outdoor,Oregon (USA),2022,20 July 2022,30,49,women,3000-metres-steeplechase,final,1.0,Courtney FRERICHS,USA,30.0,16.94,34.03,51.45,1:09.40,1:27.37,1:45.18,2:03.41,2:21.96,2:40.57,2:58.75,3:17.53,3:36.05,3:54.75,4:12.62,4:31.44,4:49.73,5:09.30,5:27.65,5:46.55,6:05.59,6:24.93,6:43.86,7:02.69,7:21.50,7:40.48,7:58.22,8:17.00,8:35.33,8:53.62,9:10.59
outdoor,Oregon (USA),2022,20 July 2022,30,49,women,3000-metres-steeplechase,final,1.0,Aimee PRATT,GBR,25.0,17.95,34.95,52.85,1:11.45,1:29.55,1:47.59,2:05.71,2:24.06,2:42.80,3:01.28,3:20.21,3:39.24,3:57.90,4:16.78,4:36.16,4:55.47,5:14.84,5:34.04,5:53.93,6:13.49,6:32.32,6:50.48,7:09.22,7:27.87,7:46.79,8:04.58,8:22.90,8:40.45,8:58.76,9:15.64
outdoor,Oregon (USA),2022,20 July 2022,30,49,women,3000-metres-steeplechase,final,1.0,Emma COBURN,USA,32.0,16.70,33.76,51.32,1:08.88,1:26.04,1:43.89,2:02.18,2:20.58,2:39.40,2:57.96,3:16.68,3:34.79,3:52.96,4:10.91,4:29.21,4:47.38,5:06.16,5:24.40,5:43.30,6:02.28,6:21.44,6:40.38,6:59.51,7:19.06,7:38.71,7:58.19,8:18.01,8:37.90,8:57.94,9:16.49
outdoor,Oregon (USA),2022,20 July 2022,30,49,women,3000-metres-steeplechase,final,1.0,Marwa BOUZAYANI,TUN,25.0,17.45,34.64,52.34,1:10.00,1:27.74,1:45.62,2:03.82,2:22.33,2:41.02,2:59.48,3:18.29,3:37.09,3:55.69,4:14.16,4:33.15,4:51.73,5:11.14,5:29.83,5:49.44,6:08.95,6:28.44,6:47.46,7:07.17,7:26.78,7:46.39,8:05.46,8:25.04,8:44.34,9:03.29,9:20.92
outdoor,Oregon (USA),2022,20 July 2022,30,49,women,3000-metres-steeplechase,final,1.0,Alice FINOT,FRA,31.0,17.10,34.32,52.16,1:10.84,1:28.80,1:46.78,2:04.91,2:23.12,2:41.94,3:00.41,3:19.48,3:38.16,3:56.88,4:15.73,4:35.25,4:54.41,5:14.26,5:33.63,5:53.45,6:13.12,6:32.34,6:50.89,7:09.78,7:28.43,7:47.34,8:06.01,8:24.54,8:42.37,9:04.57,9:21.40
outdoor,Oregon (USA),2022,20 July 2022,30,49,women,3000-metres-steeplechase,final,1.0,Peruth CHEMUTAI,UGA,23.0,17.67,33.95,51.07,1:08.90,1:26.19,1:44.03,2:02.38,2:20.59,2:39.42,2:58.07,3:16.84,3:34.88,3:53.04,4:10.85,4:28.95,4:47.60,5:06.12,5:24.38,5:42.89,6:02.08,6:22.04,6:41.59,7:01.68,7:21.84,7:41.87,8:01.63,8:21.91,8:41.93,9:02.27,9:21.93
outdoor,Oregon (USA),2022,20 July 2022,30,49,women,3000-metres-steeplechase,final,1.0,Courtney WAYMENT,USA,24.0,17.30,34.18,51.78,1:09.49,1:27.31,1:45.09,2:03.23,2:21.69,2:40.24,2:58.50,3:17.48,3:35.98,3:54.02,4:12.52,4:31.16,4:49.65,5:08.61,5:27.56,5:46.59,6:05.74,6:25.08,6:44.36,7:03.79,7:23.26,7:42.99,8:02.41,8:22.32,8:42.29,9:03.22,9:22.37
outdoor,Oregon (USA),2022,20 July 2022,30,49,women,3000-metres-steeplechase,final,1.0,Celliphine Chepteek CHESPOL,KEN,23.0,17.61,34.29,51.51,1:09.43,1:26.87,1:44.56,2:02.77,2:21.34,2:40.35,2:58.42,3:17.33,3:35.63,3:53.90,4:11.66,4:30.20,4:48.91,5:07.84,5:26.70,5:45.94,6:05.42,6:24.87,6:45.07,7:05.54,7:25.96,7:46.28,8:06.33,8:26.61,8:46.82,9:07.52,9:27.34
outdoor,Oregon (USA),2022,20 July 2022,30,49,women,3000-metres-steeplechase,final,1.0,Maruša MIŠMAŠ ZRIMŠEK,SLO,28.0,17.21,34.45,52.03,1:10.86,1:28.50,1:46.26,2:04.55,2:22.76,2:41.62,2:59.90,3:18.82,3:37.49,3:56.45,4:15.26,4:34.80,4:54.04,5:13.96,5:33.52,5:53.89,6:14.37,6:34.76,6:55.35,7:16.29,7:37.14,7:58.08,8:18.52,8:39.93,9:00.71,9:21.81,9:40.78
outdoor,Oregon (USA),2022,20 July 2022,30,49,women,3000-metres-steeplechase,final,1.0,Gesa Felicitas KRAUSE,GER,30.0,17.63,34.84,52.78,1:11.72,1:30.31,1:49.11,2:08.04,2:27.21,2:46.63,3:05.96,3:25.62,3:45.51,4:05.42,4:25.27,4:45.36,5:05.20,5:25.24,5:45.42,6:06.09,6:26.97,6:47.94,7:09.11,7:30.25,7:51.55,8:11.96,8:32.65,8:53.64,9:14.12,9:33.74,9:52.66
